Marca_Modelo,Versiones,TopTransmisiones,TopLocations,anchor_MM,n
Acura ILX,"['2.4 A-SPEC DCT', '2.4 TECH DCT']",['Automático'],['Ciudad de México'],263200.0,3
Acura Integra,['1.5 A-SPEC CVT'],['Automático'],['Ciudad de México'],534400.0,1
Acura MDX,"['3.5 A-SPEC AUTO 4WD', '3.5 ADVANCE AUTO AWD', '3.5 TECH AUTO 4WD']",['Automático'],"['Ciudad de México', 'Puebla']",380000.0,7
Acura RDX,"['2.0 A-SPEC AUTO 4WD', '2.0 A-SPEC AUTO AWD', '2.0 TECH AUTO 4WD', '2.0 TECH AUTO AWD']",['Automático'],"['Ciudad de México', 'Monterrey', 'Guadalajara']",372800.0,15
Acura TLX,"['2.0 ADVANCE AUTO', '3.5 ADVANCE AUTO']",['Automático'],"['Ciudad de México', 'Puebla', 'Guadalajara']",588000.0,4
Alfa Romeo Giulia,"['2.0 TI', '2.0 VELOCE AUTO']",['Automático'],['Ciudad de México'],536000.0,3
Alfa Romeo Giulietta,['1.8 VELOCE TCT'],['Automático'],['Ciudad de México'],273600.0,1
Alfa Romeo Mito,['1.4 VELOCE'],['Manual'],['Ciudad de México'],207200.0,1
Alfa Romeo Tonale,"['1.3 TI PHEV AUTO', '2.0 TI AUTO']",['Automático'],"['Ciudad de México', 'Monterrey', 'Guadalajara']",623520.0,4
Audi A1,"['1.0 SB 30 TFSI COOL DCT', '1.0 SB 30 TFSI URBAN DCT', '1.5 SB 35 TFSI BLACK EGO EDITION DCT', '1.5 SB 35 TFSI EGO DCT', '2.0 SB 40 TFSI S LINE DCT']",['Automático'],"['Ciudad de México', 'Querétaro', 'Monterrey', 'Guadalajara', 'Puebla']",449600.0,34
Audi A3,"['1.4 35 DYNAMIC DCT', '1.4 35 SELECT DCT', '1.4 35 TFSI DYNAMIC AUTO', '1.4 35 TFSI DYNAMIC DCT', '1.4 35 TFSI SELECT AUTO', '1.4 35 TFSI SELECT DCT', '2.0 40 DYNAMIC DCT', '2.0 40 S LINE DCT', '2.0 40 SELECT DCT', '2.0 40 TFSI S LINE DCT', '2.0 40 TFSI SELECT DCT']",['Automático'],"['Ciudad de México', 'Monterrey', 'Guadalajara', 'Puebla', 'Querétaro']",431520.0,82
Audi A4,"['2.0 40 TFSI DYNAMIC DCT', '2.0 40 TFSI SELECT DCT', '2.0 MHEV 40 TFSI DYNAMIC DCT', '2.0 MHEV 40 TFSI S LINE DCT', '2.0 MHEV 40 TFSI SELECT DCT']",['Automático'],"['Ciudad de México', 'Querétaro', 'Guadalajara', 'Monterrey']",340800.0,23
Audi A5,"['2.0 40 S LINE DCT', '2.0 40 SB S LINE DCT', '2.0 40 SB SELECT DCT', '2.0 45 SB S LINE DCT 4WD']",['Automático'],"['Ciudad de México', 'Guadalajara', 'Monterrey']",363200.0,8
Audi A5 Coupe,['2.0 MHEV 40 TFSI SELECT DCT'],['Automático'],['Ciudad de México'],444800.0,1
Audi A5 Sportback,"['2.0 MHEV SB 40 TFSI S LINE DCT', '2.0 MHEV SB 40 TFSI SELECT DCT']",['Automático'],"['Ciudad de México', 'Querétaro']",436800.0,5
Audi A6,"['2.0 MHEV 40 TFSI SELECT DCT', '2.0 MHEV 45 TFSI S LINE DCT 4WD', '3.0 MHEV 55 TFSI ELITE DCT 4WD', '3.0 MHEV 55 TFSI S LINE DCT 4WD']",['Automático'],"['Ciudad de México', 'Monterrey', 'Guadalajara', 'Querétaro']",758880.0,9
Audi A7,['3.0 MHEV 55 TFSI ELITE DCT 4WD'],['Automático'],"['Guadalajara', 'Querétaro']",560000.0,2
Audi A7 Sportback,['2.0 MHEV 45 TFSI S LINE DCT 4WD'],['Automático'],['Monterrey'],587520.0,1
Audi Q2,"['1.4 35 DYNAMIC DCT', '1.4 35 S LINE DCT', '1.4 35 SELECT DCT', '1.4 35 SPORT DCT', '1.4 35 TFSI DYNAMIC AUTO', '1.4 35 TFSI DYNAMIC DCT', '1.4 35 TFSI S LINE DCT', '1.4 35 TFSI SELECT AUTO', '1.4 35 TFSI SELECT DCT', '1.4 35 TFSI SPORT AUTO', '1.4 35 TFSI SPORT DCT', '2.0 40 S LINE DCT 4WD']",['Automático'],"['Ciudad de México', 'Guadalajara', 'Querétaro', 'Monterrey']",431680.0,67
Audi Q3,"['1.4 35 TFSI DYNAMIC DCT', '1.4 35 TFSI S LINE DCT', '1.4 35 TFSI SELECT DCT', '2.0 40 TFSI S LINE DCT 4WD', '2.0 40 TFSI SELECT DCT 4WD']",['Automático'],"['Ciudad de México', 'Monterrey', 'Cuernavaca', 'Guadalajara', 'Puebla']",575520.0,31
Audi Q3 Sportback,"['1.4 SB 35 TFSI SELECT DCT', '2.0 SB 40 TFSI S LINE DCT 4WD']",['Automático'],"['Ciudad de México', 'Guadalajara', 'Monterrey', 'Querétaro', 'Cuernavaca']",669440.0,19
Audi Q5,"['2.0 45 DYNAMIC DCT 4WD', '2.0 45 ELITE DCT 4WD', '2.0 45 S LINE DCT 4WD', '2.0 45 SELECT DCT 4WD', '2.0 45 TFSI DYNAMIC DCT 4WD', '2.0 45 TFSI ELITE DCT 4WD', '2.0 45 TFSI S LINE DCT 4WD', '2.0 45 TFSI SELECT DCT 4WD', '2.0 MHEV 45 TFSI DYNAMIC DCT 4WD', '2.0 MHEV 45 TFSI ELITE DCT 4WD', '2.0 MHEV 45 TFSI S LINE DCT 4WD', '2.0 MHEV 45 TFSI SELECT DCT 4WD']",['Automático'],"['Ciudad de México', 'Guadalajara', 'Monterrey', 'Puebla', 'Querétaro']",757360.0,51
Audi Q5 Sportback,"['2.0 MHEV SB 45 TFSI ELITE DCT 4WD', '2.0 MHEV SB 45 TFSI SELECT DCT 4WD']",['Automático'],['Ciudad de México'],731520.0,3
Audi Q7,['3.0 MHEV 55 TFSI S LINE AUTO 4WD'],['Automático'],['Ciudad de México'],657600.0,2
Audi Q8,"['3.0 MHEV 55 TFSI ELITE AUTO 4WD', '3.0 MHEV 55 TFSI S LINE AUTO 4WD']",['Automático'],"['Ciudad de México', 'Guadalajara', 'Querétaro']",656000.0,15
Audi S3,['2.0 TFSI S3 DCT 4WD'],['Automático'],['Ciudad de México'],512000.0,1
Audi e-tron,['55 ADVANCED 4WD'],['Automático'],['Ciudad de México'],573600.0,1
Baic BJ20,['1.5 TOP AUTO'],['Automático'],['Ciudad de México'],218400.0,1
Baic BJ40,"['2.0 PLUS AUTO 4WD', '2.3 PLUS AUTO 4WD']",['Automático'],"['Ciudad de México', 'Cuernavaca']",454400.0,2
Baic M50,['1.5 SPORT'],['Manual'],['Ciudad de México'],132000.0,1
Baic U5 Plus,"['1.5 BEIJING LUXURY', '1.5 BEIJING LUXURY CVT']","['Automático', 'Manual']",['Ciudad de México'],239840.0,2
Baic X25,"['1.5 FASHION', '1.5 TOP AUTO']","['Automático', 'Manual']","['Ciudad de México', 'Guadalajara']",158400.0,8
Baic X30,"['1.5 FASHION', '1.5 FASHION AUTO']","['Manual', 'Automático']",['Querétaro'],158400.0,3
Baic X35,"['1.5 FASHION', '1.5 FASHION AUTO', '1.5 TA AUTO', '1.5 TM']","['Manual', 'Automático']","['Ciudad de México', 'Querétaro', 'Cuernavaca', 'Guadalajara']",230240.0,13
Baic X65,"['2.0 COMFORT AUTO', '2.0 FASHION AUTO']",['Automático'],"['Ciudad de México', 'Guadalajara', 'Querétaro']",156000.0,5
Bmw Serie 1,"['1.5 118I DCT', '1.5 118IA M SPORT DCT', '1.5 118IA SPORT LINE AUTO', '1.5 118IA SPORT LINE DCT', '2.0 120IA M SPORT AUTO', '2.0 120IA M SPORT DCT', '2.0 120IA SPORT LINE AUTO', '2.0 128TI AUTO', '2.0 M135I XDRIVE AUTO']",['Automático'],"['Ciudad de México', 'Querétaro', 'Monterrey', 'Puebla', 'Guadalajara']",614720.0,70
Bmw Serie 2,"['2.0 220I AUTO', '2.0 220I GRAN COUPE DCT', '2.0 220IA EXECUTIVE AUTO', '2.0 220IA M SPORT AUTO', '2.0 220IA SPORT LINE AUTO', '2.0 M235I XDRIVE GRAN COUPE AUTO', '3.0 M2 COMPETITION', '3.0 M2 COMPETITION DCT', '3.0 M240I AUTO', '3.0 M240IA AUTO']","['Automático', 'Manual']","['Ciudad de México', 'Guadalajara', 'Querétaro', 'Puebla', 'Monterrey']",507200.0,33
Bmw Serie 3,"['2.0 320I AUTO', '2.0 320IA EXECUTIVE AUTO', '2.0 320IA SPORT LINE AUTO', '2.0 330E PHEV AUTO', '2.0 330E SPORT LINE PLUS', '2.0 330I AUTO', '2.0 330I M SPORT SHADOW EDITION AUTO', '2.0 330IA M SPORT AUTO', '2.0 330IA SPORT LINE AUTO', '2.0 330IA SPORT LINE PLUS AUTO', '3.0 M340I XDRIVE AUTO']",['Automático'],"['Ciudad de México', 'Monterrey', 'Guadalajara', 'Querétaro', 'Cuernavaca']",710480.0,52
Bmw Serie 4,"['2.0 420IA EXECUTIVE', '2.0 420IA GRAN COUPE EXECUTIVE', '2.0 420IA GRAN COUPE SPORT LINE', '2.0 430I AUTO', '2.0 430I GRAN COUPE AUTO', '2.0 430IA GRAN COUPE M SPORT', '2.0 430IA GRAN COUPE SPORT LINE', '2.0 430IA SPORT LINE', '3.0 440IA GRAN COUPE M SPORT', '3.0 440IA M SPORT', '3.0 M440I XDRIVE AUTO']",['Automático'],"['Ciudad de México', 'Querétaro', 'Guadalajara', 'Monterrey']",644800.0,18
Bmw X1,"['1.5 SDRIVE18I DCT', '1.5 SDRIVE18IA EXECUTIVE DCT', '2.0 SDRIVE20I DCT', '2.0 SDRIVE20I M SPORT EDITION DCT', '2.0 SDRIVE20IA M SPORT DCT', '2.0 SDRIVE20IA X LINE DCT']",['Automático'],"['Ciudad de México', 'Querétaro', 'Guadalajara', 'Monterrey', 'Puebla']",308800.0,129
Bmw X2,"['1.5 SDRIVE18I DCT', '1.5 SDRIVE18IA EXECUTIVE DCT', '2.0 M35I XDRIVE AUTO', '2.0 M35IA', '2.0 SDRIVE20I M SPORT DCT', '2.0 SDRIVE20IA EXECUTIVE PLUS DCT', '2.0 SDRIVE20IA M SPORT DCT', '2.0 SDRIVE20IA M SPORT X DCT']",['Automático'],"['Ciudad de México', 'Guadalajara', 'Puebla', 'Querétaro', 'Monterrey']",610560.0,58
Bmw X3,"['2.0 SDRIVE20I AUTO', '2.0 SDRIVE20IA AUTO', '2.0 SDRIVE20IA EXECUTIVE AUTO', '2.0 XDRIVE30E AUTO 4WD', '2.0 XDRIVE30E PHEV AUTO', '2.0 XDRIVE30I AUTO', '2.0 XDRIVE30IA X LINE AUTO 4WD', '3.0 M40I AUTO 4WD', '3.0 M40IA AUTO 4WD']",['Automático'],"['Ciudad de México', 'Guadalajara', 'Monterrey', 'Puebla', 'Cuernavaca']",416800.0,96
Bmw X4,"['2.0 XDRIVE30I AUTO', '2.0 XDRIVE30IA EXECUTIVE AUTO 4WD', '2.0 XDRIVE30IA X LINE AUTO 4WD', '3.0 M40I AUTO 4WD', '3.0 M40IA AUTO 4WD']",['Automático'],"['Ciudad de México', 'Guadalajara', 'Monterrey', 'Querétaro', 'Puebla']",500800.0,23
Bmw X5,"['3.0 XDRIVE40IA M SPORT AUTO 4WD', '3.0 XDRIVE45E AUTO 4WD', '3.0 XDRIVE45E PHEV AUTO', '4.4 M50I AUTO 4WD', '4.4 XDRIVE50IA M SPORT AUTO 4WD']",['Automático'],"['Ciudad de México', 'Guadalajara']",649600.0,9
Bmw X6,['3.0 XDRIVE35IA AUTO 4WD'],['Automático'],['Ciudad de México'],400000.0,1
Bmw Z4,['3.0 M40I AUTO'],['Automático'],"['Ciudad de México', 'Querétaro']",784800.0,3
Bmw iX3,['BEV 80KWH IMPRESSIVE AUTO'],['Automático'],"['Ciudad de México', 'Monterrey']",656400.0,2
Buick Enclave,"['3.6 AVENIR AUTO 4WD', '3.6 AVENIR P AUTO 4WD', '3.6 ESSENCE L AUTO']",['Automático'],"['Ciudad de México', 'Monterrey', 'Querétaro', 'Puebla', 'Guadalajara']",551200.0,18
Buick Encore,"['1.3 CONVENIENCE AUTO', '1.3 ESSENCE AUTO', '1.3 LEATHER AUTO', '1.3 SPORT TOURING AUTO', '1.4 CX N AUTO', '1.4 CXL L AUTO']",['Automático'],"['Ciudad de México', 'Querétaro', 'Guadalajara', 'Monterrey', 'Cuernavaca']",336400.0,40
Buick Envision,"['2.0 AVENIR U AUTO', '2.0 CXL N 4WD AUTO', '2.0 CXL N AUTO 4WD']",['Automático'],"['Ciudad de México', 'Monterrey', 'Guadalajara']",294800.0,8
Byd Dolphin Mini,['BEV 38KWH PLUS AUTO'],['Automático'],['Ciudad de México'],252800.0,1
Byd King,['1.5 PHEV DM-I 55KM AUTO'],['Automático'],['Monterrey'],335200.0,1
Byd Seal,['BEV 82KWH 4WD'],['Automático'],['Guadalajara'],559200.0,1
Byd Song plus,"['1.5 DM-I 115KM AUTO', '1.5 DM-I AUTO']",['Automático'],"['Ciudad de México', 'Guadalajara']",546400.0,4
Byd Tang,['BEV 86KWH AUTO 4WD'],['Automático'],"['Ciudad de México', 'Cuernavaca']",666560.0,4
Byd Yuan Plus,['BEV 60KWH 480KM GS AUTO'],['Automático'],['Ciudad de México'],480000.0,8
Cadillac XT4,"['2.0 PREMIUM LUXURY AUTO', '2.0 SPORT F AUTO']",['Automático'],['Ciudad de México'],574400.0,4
Cadillac XT5,"['3.6 PLATINUM P AUTO 4WD', '3.6 SPORT F AUTO 4WD', '3.6 XT5 LUXURY C AUTO']",['Automático'],['Monterrey'],392800.0,3
Changan Alsvin,"['1.4 MT', '1.5 DCT']","['Automático', 'Manual']","['Ciudad de México', 'Querétaro', 'Cuernavaca', 'Puebla']",172800.0,8
Changan CS35,"['1.4 DCT', '1.4 LUXURY DCT', '1.4 PREMIUM DCT', '1.6 5 TM', '1.6 6 TA AUTO']","['Automático', 'Manual']","['Ciudad de México', 'Monterrey', 'Cuernavaca']",286400.0,17
Changan CS55,"['1.5 LUXURY DCT', '1.5 PREMIUM DCT']",['Automático'],"['Ciudad de México', 'Monterrey']",297600.0,4
Changan Uni-K,['2.0 PREMIUM'],['Automático'],"['Puebla', 'Monterrey']",494416.0,4
Chevrolet Aveo,"['1.5 LS A', '1.5 LS B AUTO', '1.5 LS D', '1.5 LS K', '1.5 LT B', '1.5 LT BLACK EDITION G', '1.5 LT C', '1.5 LT D AUTO', '1.5 LT E', '1.5 LT M', '1.5 LT PLUS C CVT', '1.5 LT PLUS F CVT', '1.5 LTZ E', '1.5 LTZ F AUTO']","['Manual', 'Automático']","['Ciudad de México', 'Querétaro', 'Puebla', 'Guadalajara', 'Monterrey']",218800.0,301
Chevrolet Beat,"['1.2 ACTIV F', '1.2 LS A', '1.2 LT B', '1.2 LT B MT', '1.2 LTZ C']",['Manual'],"['Ciudad de México', 'Querétaro', 'Puebla', 'Guadalajara', 'Monterrey']",132800.0,179
Chevrolet Blazer,"['3.6 PIEL B AUTO', '3.6 RS BITONO F AUTO', '3.6 RS C AUTO']",['Automático'],"['Ciudad de México', 'Monterrey', 'Puebla', 'Guadalajara']",586320.0,19
Chevrolet Bolt EUV,['BEV 65KWH LT A AUTO'],['Automático'],['Ciudad de México'],315200.0,1
Chevrolet Camaro,"['3.6 RS FIRE EDITION H AUTO', '6.2 SS C AUTO']",['Automático'],"['Puebla', 'Ciudad de México']",792800.0,2
Chevrolet Captiva,['1.5 PREMIER C CVT'],['Automático'],['Ciudad de México'],244000.0,1
Chevrolet Cavalier,"['1.3 LS AUTO', '1.3 LT AUTO', '1.3 LT B AUTO', '1.3 RS AUTO', '1.3 RS C AUTO', '1.5 LS A', '1.5 LS D AUTO', '1.5 LT B AUTO', '1.5 PREMIER C AUTO']","['Automático', 'Manual']","['Ciudad de México', 'Guadalajara', 'Querétaro', 'Puebla', 'Monterrey']",258800.0,139
Chevrolet Cheyenne,"['5.3 CHEYENNE LT CAB REG H AUTO 4WD', '5.3 CHEYENNE RST CREW CAB B 4WD', '6.2 CHEYENNE HIGH CREW CAB G AUTO 4WD']",['Automático'],"['Ciudad de México', 'Guadalajara', 'Puebla']",833120.0,8
Chevrolet Colorado,"['2.5 LT B AUTO', '3.6 LT C AUTO 4WD', '3.6 LT Z71 D AUTO 4WD']",['Automático'],"['Guadalajara', 'Ciudad de México', 'Querétaro']",362840.0,14
Chevrolet Cruze,['1.4 LS B TURBO AUTO'],['Automático'],['Ciudad de México'],180000.0,1
Chevrolet Equinox,"['1.5 LT B AUTO', '1.5 PREMIER C AUTO', '1.5 PREMIER PLUS D AUTO']",['Automático'],"['Ciudad de México', 'Puebla', 'Monterrey', 'Querétaro']",237600.0,15
Chevrolet Groove,['1.5 LT A'],['Manual'],['Puebla'],228800.0,4
Chevrolet Malibu,"['1.5 TURBO LT B AUTO', '1.5 TURBO LT C AUTO']",['Automático'],['Ciudad de México'],230000.0,2
Chevrolet Montana,['1.2 TURBO RS B AUTO'],['Automático'],['Ciudad de México'],358400.0,1
Chevrolet Onix,"['1.0 LS A', '1.0 LS B AUTO', '1.0 LT C', '1.0 LT D AUTO', '1.0 PREMIER REDLINE E AUTO', '1.2 PREMIER G AUTO', '1.3 LS A', '1.3 LT C']","['Automático', 'Manual']","['Ciudad de México', 'Guadalajara', 'Querétaro', 'Monterrey', 'Puebla']",231280.0,178
Chevrolet S-10,"['2.0 CREW CAB TURBO D 4WD', '2.4 CABINA REGULAR B', '2.4 CHASIS CABINA A', '2.4 CREW CAB C', '2.4 CREW CAB E']",['Manual'],"['Ciudad de México', 'Puebla', 'Querétaro', 'Guadalajara', 'Monterrey']",344480.0,14
Chevrolet Silverado 1500,"['2.7 SILVERADO 1500 WT CREW CAB E AUTO', '2.7 SILVERADO 1500 WT CREW CAB F AT 4WD', '4.3 SILVERADO 1500 CAB REG WT B AUTO 4WD', '4.3 SILVERADO 1500 CREW CAB WT F AT 4WD', '4.3 SILVERADO 1500 WT CAB REG A AUTO', '4.3 SILVERADO 1500 WT CAB REG B AUTO 4WD', '4.3 SILVERADO 1500 WT CREW CAB F AT 4WD', '5.3 SILVERADO 1500 CUSTOM K AUTO 4WD', '5.3 SILVERADO WT V8 4X2 CC N AUTO']",['Automático'],"['Ciudad de México', 'Guadalajara', 'Puebla', 'Monterrey']",605600.0,19
Chevrolet Spark,"['1.4 ACTIV D', '1.4 LT B', '1.4 LT CVT F', '1.4 LT F CVT', '1.4 PREMIER C', '1.4 PREMIER CVT G', '1.4 PREMIER G CVT']","['Manual', 'Automático']","['Ciudad de México', 'Guadalajara', 'Querétaro', 'Monterrey', 'Cuernavaca']",152000.0,57
Chevrolet Suburban,"['5.3 A LS AUTO', '5.3 B LT AUTO']",['Automático'],"['Monterrey', 'Querétaro']",440000.0,2
Chevrolet Tornado,"['1.8 LS A', '1.8 LT C', '1.8 PICK UP B LS']",['Manual'],"['Ciudad de México', 'Guadalajara', 'Querétaro']",190240.0,6
Chevrolet Tornado Van,['1.5 LS B'],['Manual'],"['Ciudad de México', 'Querétaro', 'Monterrey', 'Cuernavaca', 'Guadalajara']",217280.0,18
Chevrolet Tracker,"['1.2 LS A', '1.2 LS F']",['Manual'],['Ciudad de México'],275200.0,2
Chevrolet Traverse,"['3.6 LT B AUTO', '3.6 LT C 8 PAS AUTO', '3.6 LT C AUTO 8P']",['Automático'],"['Ciudad de México', 'Puebla', 'Querétaro', 'Guadalajara', 'Cuernavaca']",404800.0,11
Chevrolet Trax,"['1.8 A LS', '1.8 B LT AUTO', '1.8 C PREMIER AUTO', '1.8 LS A', '1.8 LT B AUTO', '1.8 PREMIER C AUTO']","['Automático', 'Manual']","['Ciudad de México', 'Puebla', 'Monterrey', 'Guadalajara', 'Querétaro']",188800.0,108
Chirey Arrizo 8,['2.0 PREMIUM DCT'],['Automático'],['Ciudad de México'],409120.0,2
Chirey Tiggo 2 Pro,"['1.0 COMFORT CVT', '1.0 LUXURY CVT']",['Automático'],"['Ciudad de México', 'Monterrey', 'Puebla', 'Guadalajara', 'Querétaro']",234400.0,43
Chirey Tiggo 4 Pro,"['1.5 COMFORT CVT', '1.5 LUXURY CVT', '1.5 PREMIUM CVT']",['Automático'],"['Ciudad de México', 'Guadalajara', 'Cuernavaca', 'Querétaro', 'Puebla']",268000.0,45
Chirey Tiggo 7 Pro,"['1.5 COMFORT CVT', '1.5 LUXURY CVT', '1.5 PREMIUM CVT']",['Automático'],"['Ciudad de México', 'Guadalajara', 'Puebla', 'Querétaro', 'Monterrey']",308320.0,45
Chirey Tiggo 8 Pro,"['1.6 LUXURY DCT', '1.6 PREMIUM DCT']",['Automático'],"['Ciudad de México', 'Puebla']",333520.0,7
Chirey Tiggo 8 Pro Max,"['2.0 LUXURY DCT', '2.0 PREMIUM DCT AWD']",['Automático'],"['Ciudad de México', 'Puebla', 'Querétaro', 'Monterrey', 'Guadalajara']",420000.0,17
Chrysler Pacifica,"['3.6 LIMITED AUTO', '3.6 LIMITED PLATINUM AUTO', '3.6 LIMITED PLUS AUTO']",['Automático'],"['Ciudad de México', 'Monterrey', 'Guadalajara']",360000.0,13
Citroen Picasso,['1.6 GRAND'],['Automático'],['Ciudad de México'],79012.8,1
Cupra Ateca,['2.0 TSI DCT 4WD'],['Automático'],"['Ciudad de México', 'Puebla']",412400.0,4
Cupra Formentor,"['2.0 TSI HIGH 310HP DCT 4WD', '2.0 TSI MID 190HP DCT']",['Automático'],"['Ciudad de México', 'Puebla', 'Monterrey', 'Querétaro', 'Guadalajara']",546160.0,34
Cupra Leon,"['2.0 190HP DCT', '2.0 245HP DCT', '2.0 300HP DCT', '2.0 HIGH DCT']",['Automático'],"['Ciudad de México', 'Guadalajara', 'Querétaro', 'Monterrey']",490400.0,22
Dodge Attitude,"['1.2 SE', '1.2 SE AT', '1.2 SE AUTO', '1.2 SE CVT', '1.2 SE MT', '1.2 SXT', '1.2 SXT AUTO', '1.2 SXT CVT', '1.2 SXT MT', '1.5 SPORT DCT']","['Manual', 'Automático']","['Ciudad de México', 'Querétaro', 'Guadalajara', 'Puebla', 'Cuernavaca']",218848.00000000003,42
Dodge Challenger,"['3.6 DUAL STRIPES AUTO', '3.6 GT AUTO', '6.4 SCAT PACK AUTO']",['Automático'],"['Querétaro', 'Ciudad de México', 'Monterrey', 'Puebla']",509600.0,6
Dodge Durango,"['3.6 GT AUTO', '3.6 GT PLUS AUTO', '3.6 TOURING AUTO', '5.7 RT AUTO']",['Automático'],"['Ciudad de México', 'Guadalajara', 'Monterrey']",437200.0,4
Dodge Grand Caravan,"['3.6 SXT', '3.6 SXT PLUS']",['Automático'],"['Ciudad de México', 'Querétaro']",231200.0,5
Dodge Journey,"['1.5 GT AUTO', '1.5 GT PLUS AUTO', '1.5 SPORT AUTO', '1.5 SXT AUTO', '2.4 SE BLACKTOP PARKVIEW', '2.4 SXT+ 7 SPORT PARKVIEW', '2.4 SXT+ 7 SPORT PLUS PARKVIEW', '3.6 GT']",['Automático'],"['Ciudad de México', 'Guadalajara', 'Querétaro', 'Monterrey', 'Puebla']",407200.0,60
Dodge Neon,"['1.6 GT AUTO', '1.6 SPORT AUTO']",['Automático'],"['Ciudad de México', 'Guadalajara']",157600.0,5
Fiat Argo,"['1.3 DRIVE PLUS', '1.3 TREKKING', '1.3 TREKKING CVT', '1.8 HGT FAO AUTO', '1.8 PRECISION', '1.8 TREKKING AUTO']","['Automático', 'Manual']","['Ciudad de México', 'Puebla', 'Guadalajara', 'Monterrey']",211200.0,21
Fiat Fastback,"['1.3 AUDACE', '1.3 IMPETUS']",['Automático'],"['Ciudad de México', 'Guadalajara', 'Puebla']",333440.0,17
Fiat Mobi,"['1.0 LIKE', '1.0 LIKE BLACKTOP', '1.0 TREKKING', '1.0 WAY']",['Manual'],"['Ciudad de México', 'Cuernavaca', 'Guadalajara', 'Puebla', 'Querétaro']",171600.0,31
Fiat Palio,"['1.6 ADVENTURE', '1.6 ADVENTURE AUTO', '1.6 ADVENTURE MT']","['Manual', 'Automático']","['Ciudad de México', 'Puebla']",158400.0,9
Fiat Pulse,"['1.3 AUDACE CVT', '1.3 DRIVE', '1.3 IMPETUS CVT']","['Automático', 'Manual']","['Ciudad de México', 'Monterrey', 'Puebla', 'Guadalajara']",270080.0,15
Fiat Uno,"['1.4 LIKE', '1.4 SPORTING', '1.4 SPORTING PANTALLA', '1.4 WAY', '1.4 WAY PANTALLA']",['Manual'],"['Ciudad de México', 'Guadalajara', 'Querétaro', 'Monterrey']",136800.0,21
Ford Bronco Sport,"['1.5 BIG BEND AUTO 4WD', '1.5 HERITAGE AUTO 4WD', '1.5 OUTER BANKS AUTO 4WD', '2.0 BADLANDS AUTO 4WD', '2.0 FIRST EDITION AUTO 4WD']",['Automático'],"['Ciudad de México', 'Guadalajara', 'Puebla', 'Querétaro']",504800.0,33
Ford EcoSport,"['1.5 TREND', '1.5 TREND STORM', '2.0 TITANIUM AUTO', '2.0 TREND AUTO']","['Automático', 'Manual']","['Ciudad de México', 'Puebla', 'Guadalajara']",202400.0,29
Ford Edge,"['2.0 SEL PLUS AUTO', '2.0 TITANIUM AUTO', '2.7 V6 ST AUTO 4WD', '2.7 V6 ST AUTO AWD']",['Automático'],"['Ciudad de México', 'Guadalajara', 'Querétaro']",549280.0,14
Ford Escape,"['2.0 ECOBOOST TITANIUM AUTO', '2.0 ECOBOOST TREND AUTO', '2.5 HEV ACTIVE CVT', '2.5 HEV SE CVT', '2.5 HEV SE SPORT CVT', '2.5 HEV SEL LIMITED CVT', '2.5 HEV ST-LINE CVT', '2.5 HEV ST-LINE ELITE CVT AWD', '2.5 HEV TITANIUM CVT', '2.5 S PLUS AUTO', '2.5 TREND AUTO']",['Automático'],"['Ciudad de México', 'Guadalajara', 'Querétaro', 'Puebla']",495600.0,39
Ford Expedition,['3.5 PLATINUM AUTO 4WD'],['Automático'],['Ciudad de México'],473600.0,1
Ford Explorer,"['2.3 LIMITED AUTO', '2.3 XLT AUTO', '2.3 XLT AUTO ES', '3.0 ST AUTO AWD', '3.0 ST AUTO AWD ES', '3.5 LIMITED AUTO', '3.5 SPORT AUTO 4WD', '3.5 XLT AUTO']",['Automático'],"['Ciudad de México', 'Guadalajara', 'Puebla']",667040.0,22
Ford F-150,"['3.3 V6 XL CREW CAB AUTO', '3.5 HEV POWERBOOST XL CREW CAB AUTO', '5.0 V8 XL CREW CAB AUTO 4WD']",['Automático'],"['Ciudad de México', 'Guadalajara', 'Querétaro']",443680.0,7
Ford Fiesta,"['1.6 S DCT', '1.6 SE', '1.6 SE DCT']","['Automático', 'Manual']","['Ciudad de México', 'Querétaro']",138400.0,5
Ford Figo,"['1.5 ENERGY', '1.5 ENERGY 5PTAS', '1.5 IMPULSE', '1.5 IMPULSE AUTO', '1.5 TITANIUM AUTO']","['Automático', 'Manual']","['Ciudad de México', 'Guadalajara', 'Monterrey', 'Cuernavaca', 'Puebla']",139200.0,65
Ford Fusion,"['2.0 HEV SE LUXURY CVT', '2.0 SEL AUTO', '2.0 TITANIUM AUTO']",['Automático'],['Ciudad de México'],236400.0,6
Ford Lobo,"['3.5 HEV LOBO POWERBOOST LIMITED CC 4WD', '3.5 LOBO ECOBOOST PLATINUM CC AT 4WD', '3.5 LOBO ECOBOOST PLATINUM CREW CAB 4WD', '3.5 LOBO ECOBOOST TREMOR CREW CAB 4WD', '3.5 LOBO ECOBOOST TREMOR CREW CAB AT 4WD', '3.5 LOBO LARIAT CREW CAB AUTO 4WD', '5.0 LOBO XLT CREW CAB AUTO']",['Automático'],"['Monterrey', 'Ciudad de México', 'Guadalajara', 'Puebla']",729280.0,10
Ford Maverick,"['2.0 ECOBOOST LARIAT AUTO AWD', '2.0 ECOBOOST XLT AUTO', '2.5 HEV LARIAT CVT']",['Automático'],"['Ciudad de México', 'Monterrey', 'Guadalajara', 'Puebla']",477800.0,12
Ford Mustang,"['2.3 ECOBOOST AUTO', '5.0 V8 GT', '5.0 V8 GT AUTO', '5.0 V8 GT PREMIUM AUTO', '5.0 V8 MACH 1']","['Automático', 'Manual']","['Ciudad de México', 'Querétaro', 'Monterrey', 'Puebla', 'Guadalajara']",783600.0,35
Ford Mustang Mach-E,['BEV 99KWH GT PERFORMANCE AUTO AWD'],['Automático'],['Monterrey'],671200.0,1
Ford Ranger,"['2.3 WILDTRAK AUTO 4WD', '2.3 XLS AUTO', '2.3 XLT CREW CAB AUTO', '2.5 XL CREW CAB', '2.5 XLT CREW CAB', '2.5 XLT CREW CAB 4WD HR', '2.5 XLT CREW CAB PLUS', '3.2 DIESEL XLT CREW CAB AUTO 4WD', '3.2 DIESEL XLT CREW CAB AUTO 4WD PIEL']","['Manual', 'Automático']","['Guadalajara', 'Ciudad de México', 'Querétaro', 'Monterrey', 'Puebla']",540800.0,20
Ford Territory,"['1.8 ECOBOOST AMBIENTE AUTO', '1.8 ECOBOOST TITANIUM AUTO', '1.8 ECOBOOST TREND AUTO']",['Automático'],"['Ciudad de México', 'Guadalajara', 'Querétaro', 'Monterrey']",433200.0,40
Ford Transit,['1.0'],['Manual'],"['Guadalajara', 'Puebla', 'Ciudad de México']",244720.0,7
GAC Emzoom,['1.5 GL RACER AUTO'],['Automático'],"['Ciudad de México', 'Puebla']",288800.0,3
GAC GN8,['2.0 PHEV DHT'],['Automático'],['Ciudad de México'],787200.0,1
GAC GS8,['2.0T GT AUTO'],['Automático'],['Ciudad de México'],448000.0,1
Geely Coolray,"['1.5 GF DCT', '1.5 GF PACK DCT', '1.5 GL DCT']",['Automático'],"['Guadalajara', 'Ciudad de México', 'Monterrey']",323456.0,5
Geely Emgrand,['1.5 GL AUTO'],['Automático'],['Monterrey'],245280.0,2
Geely Starray,['1.5 GL DCT'],['Automático'],['Ciudad de México'],390400.0,1
Gmc Acadia,"['3.6 AT4 A AUTO 4WD', '3.6 BLACK EDITION AUTO', '3.6 BLACK EDITION D AUTO', '3.6 DENALI E AUTO 4WD']",['Automático'],"['Ciudad de México', 'Querétaro', 'Guadalajara']",543200.0,13
Gmc Sierra,"['5.3 SLE F REG CAB AUTO 4WD', '6.2 DENALI E AUTO 4WD']",['Automático'],"['Monterrey', 'Querétaro']",654160.0,2
Gmc Terrain,"['1.5 AT4 C AUTO', '1.5 DENALI D AUTO', '1.5 SLE BLACK EDITION E AUTO', '2.0 DENALI D AUTO', '2.0 SLT B AUTO']",['Automático'],"['Ciudad de México', 'Guadalajara', 'Monterrey', 'Puebla', 'Querétaro']",568320.0,28
Gmc Yukon,['6.2 D DENALI AUTO 4WD'],['Automático'],['Guadalajara'],528000.0,1
Great Wall Haval H6,['1.5 HEV LUXURY AUTO'],['Automático'],"['Ciudad de México', 'Monterrey']",470800.0,10
Great Wall Haval Jolion,"['1.5 HEV LUXURY AUTO', '1.5 LUXURY DCT', '1.5 PREMIUM DCT']",['Automático'],"['Ciudad de México', 'Guadalajara']",361680.0,4
Great Wall Tank 300,['2.0 HEV LUXURY LAUNCHING EDITION AT 4WD'],['Automático'],['Puebla'],608800.0,1
Honda Accord,"['1.5 SPORT PLUS CVT', '2.0 HEV TOURING CVT', '2.0 TOURING AUTO']",['Automático'],"['Ciudad de México', 'Querétaro', 'Monterrey', 'Guadalajara', 'Puebla']",612800.0,21
Honda BR-V,"['1.5 PRIME CVT', '1.5 TOURING CVT', '1.5 UNIQ CVT']",['Automático'],"['Ciudad de México', 'Monterrey', 'Puebla', 'Guadalajara', 'Querétaro']",353920.0,29
Honda CR-V,"['1.5 TOURING CVT', '1.5 TURBO CVT', '1.5 TURBO PLUS CVT', '2.0 HEV TOURING CVT', '2.4 EX CVT']",['Automático'],"['Ciudad de México', 'Monterrey', 'Puebla', 'Cuernavaca', 'Querétaro']",674880.0,69
Honda City,"['1.5 EX CVT', '1.5 LX', '1.5 LX CVT', '1.5 PRIME CVT', '1.5 SPORT CVT', '1.5 TOURING CVT', '1.5 UNIQ']","['Automático', 'Manual']","['Ciudad de México', 'Guadalajara', 'Monterrey', 'Puebla', 'Cuernavaca']",294080.0,46
Honda Civic,"['1.5 SPORT PLUS CVT', '1.5 SPORT PLUS SPECIAL EDITION CVT', '1.5 TOURING CVT', '1.5 TURBO PLUS CVT', '2.0 EX', '2.0 I-STYLE CVT']","['Automático', 'Manual']","['Ciudad de México', 'Monterrey', 'Puebla', 'Guadalajara', 'Querétaro']",452640.0,48
Honda Fit,"['1.5 FUN', '1.5 FUN CVT', '1.5 HIT CVT']","['Automático', 'Manual']","['Ciudad de México', 'Puebla', 'Cuernavaca', 'Guadalajara']",170800.0,12
Honda HR-V,"['1.8 1 MILLION EDITION CVT', '1.8 PRIME CVT', '1.8 TOURING CVT', '1.8 UNIQ', '1.8 UNIQ CVT', '2.0 SPORT CVT', '2.0 TOURING CVT', '2.0 UNIQ CVT']","['Automático', 'Manual']","['Ciudad de México', 'Monterrey', 'Guadalajara', 'Puebla', 'Querétaro']",417040.0,74
Honda Odyssey,"['3.5 PRIME AUTO', '3.5 TOURING AUTO']",['Automático'],"['Ciudad de México', 'Guadalajara', 'Monterrey', 'Querétaro']",384800.0,22
Honda Pilot,"['3.5 PRIME AUTO', '3.5 TOURING AUTO']",['Automático'],"['Ciudad de México', 'Puebla', 'Monterrey', 'Querétaro']",348800.0,7
Honda insight,"['1.5 HEV CVT', '1.5 HYBRID CVT']",['Automático'],"['Ciudad de México', 'Monterrey']",332800.0,12
Hyundai Accent,"['1.6 GL', '1.6 GL AUTO', '1.6 GL MID', '1.6 GL MID AUTO', '1.6 GLS AUTO']","['Automático', 'Manual']","['Ciudad de México', 'Guadalajara', 'Puebla', 'Querétaro', 'Cuernavaca']",159600.0,62
Hyundai Creta,"['1.4 LIMITED TURBO DCT', '1.5 GL', '1.5 GLS IVT', '1.5 GLS PREMIUM IVT', '1.6 GLS', '1.6 GLS AUTO', '1.6 GLS PREMIUM AUTO', '1.6 LIMITED AUTO']","['Automático', 'Manual']","['Ciudad de México', 'Guadalajara', 'Querétaro', 'Puebla', 'Monterrey']",305440.0,84
Hyundai Creta Grand,"['2.0 GLS PREMIUM AUTO', '2.0 LIMITED AUTO']",['Automático'],"['Ciudad de México', 'Querétaro']",327680.0,11
Hyundai Elantra,"['2.0 GLS AUTO', '2.0 GLS PREMIUM AUTO', '2.0 GLS PREMIUM IVT', '2.0 LIMITED TECH IVT', '2.0 LIMITED TECH NAVI AUTO']",['Automático'],"['Ciudad de México', 'Puebla', 'Guadalajara', 'Querétaro']",202400.0,17
Hyundai Grand i10,"['1.2 GL', '1.2 GL MID', '1.2 GL MID AUTO', '1.2 GLS', '1.2 GLS AUTO', '1.2 NS']","['Manual', 'Automático']","['Ciudad de México', 'Monterrey', 'Guadalajara', 'Querétaro', 'Puebla']",225600.0,101
Hyundai HB20,"['1.6 GL', '1.6 GL AUTO', '1.6 GL MID', '1.6 GLS AUTO']","['Automático', 'Manual']","['Ciudad de México', 'Querétaro', 'Guadalajara']",254720.0,11
Hyundai Ioniq,"['1.6 HEV GLS PREMIUM DCT', '1.6 HYBRID GLS PREMIUM DCT', '1.6 HYBRID LIMITED', '1.6 HYBRID LIMITED DCT']",['Automático'],"['Ciudad de México', 'Monterrey', 'Puebla']",255600.0,12
Hyundai Santa Fe,"['2.0 GLS', '2.0 LIMITED TECH AUTO', '2.5 GLS PREMIUM DCT', '2.5 LIMITED TECH DCT', '3.3 LIMITED TECH']",['Automático'],"['Ciudad de México', 'Querétaro', 'Monterrey']",543760.0,14
Hyundai Tucson,"['1.6 HEV LIMITED AUTO', '2.0 GLS AUTO', '2.0 GLS PREMIUM AUTO', '2.4 LIMITED AUTO', '2.4 LIMITED TECH AUTO', '2.5 GLS AUTO', '2.5 GLS PREMIUM AUTO', '2.5 LIMITED TECH AUTO']",['Automático'],"['Ciudad de México', 'Guadalajara', 'Puebla', 'Querétaro', 'Monterrey']",514400.0,58
Infiniti Q50,"['3.0 LUXE AUTO', '3.0 SPORT PLUS AUTO']",['Automático'],"['Ciudad de México', 'Puebla']",304000.0,4
Infiniti QX30,['2.0 SPORT PLUS DCT'],['Automático'],['Ciudad de México'],339200.0,1
Infiniti QX50,"['2.0 AUTOGRAPH AUTO 4WD', '2.0 ESSENTIAL AUTO', '2.0 LUXE AUTO', '2.0 SENSORY AUTO', '2.0 SENSORY X-TRONIC AWD', '2.0 SPORT X-TRONIC']",['Automático'],"['Ciudad de México', 'Guadalajara', 'Puebla', 'Cuernavaca', 'Querétaro']",569600.0,13
Infiniti QX55,"['2.0 ESSENTIAL CVT AWD', '2.0 SENSORY CVT AWD']",['Automático'],['Ciudad de México'],726640.0,4
Infiniti QX60,"['2.5 HYBRID AUTO 4WD', '2.5 HYBRID X-TRONIC AWD', '3.5 SENSORY AUTO 4WD', '3.5 SENSORY AUTO AWD', '3.5 SENSORY X-TRONIC AWD']",['Automático'],"['Ciudad de México', 'Guadalajara', 'Querétaro', 'Monterrey']",416000.0,13
Infiniti QX70,['3.7 SPORT 4WD AUTO'],['Automático'],"['Monterrey', 'Ciudad de México']",323600.0,2
Infiniti QX80,"['5.6 8 PASAJEROS AUTO 4WD', '5.6 SENSORY 7 PASAJEROS 4WD AUTO', '5.6 SENSORY 8 PASAJEROS 4WD AUTO']",['Automático'],"['Ciudad de México', 'Monterrey', 'Guadalajara']",472480.0,3
Jac Frison T6,['2.0 FRISON'],['Manual'],"['Ciudad de México', 'Guadalajara', 'Cuernavaca']",245200.0,6
Jac Frison T8,"['2.0 DIESEL FRISON 4WD', '2.0 FRISON']",['Manual'],"['Ciudad de México', 'Querétaro', 'Monterrey', 'Puebla', 'Guadalajara']",318880.0,24
Jac Frison T9,['2.0 AUTO 4WD'],['Automático'],['Monterrey'],424000.0,1
Jac J7,"['1.5 ADVANCED MT', '1.5 LIMITED CVT', '1.5 QUANTUM CVT']","['Manual', 'Automático']","['Ciudad de México', 'Guadalajara', 'Querétaro', 'Cuernavaca']",251840.0,13
Jac SEI2,"['1.5 ACTIVE', '1.5 CONNECT CVT', '1.5 LIMITED', '1.5 QUANTUM CVT', '1.5 SMART', '1.5 SMART CVT']","['Manual', 'Automático']","['Ciudad de México', 'Querétaro', 'Puebla', 'Guadalajara']",188000.0,12
Jac SEI3,"['1.6 ACTIVE CVT', '1.6 LIMITED', '1.6 LIMITED CVT', '1.6 QUANTUM', '1.6 QUANTUM CVT']","['Automático', 'Manual']","['Ciudad de México', 'Guadalajara', 'Monterrey', 'Puebla', 'Querétaro']",155200.0,18
Jac SEI3 PRO,"['1.6 ACTIVE CVT', '1.6 CONNECT CVT']",['Automático'],"['Ciudad de México', 'Guadalajara', 'Cuernavaca', 'Monterrey', 'Puebla']",238160.0,10
Jac SEI4,"['1.5 ACTIVE CVT', '1.5 BLACK SERIES CVT', '1.5 CONNECT CVT']",['Automático'],"['Ciudad de México', 'Querétaro', 'Puebla']",194400.0,4
Jac SEI4 PRO,"['1.5 ACTIVE CVT', '1.5 CONNECT CVT', '1.6 COMFORT']","['Automático', 'Manual']","['Ciudad de México', 'Guadalajara', 'Monterrey', 'Cuernavaca', 'Querétaro']",259280.0,18
Jac SEI6 PRO,"['1.5 LIMITED DCT', '1.5 QUANTUM DCT', '1.5 VANGUARD DCT']",['Automático'],"['Ciudad de México', 'Guadalajara', 'Monterrey', 'Puebla']",299200.0,11
Jac SEI7,"['2.0T LIMITED DCT', '2.0T QUANTUM DCT', '2.0T SMART DCT']",['Automático'],"['Guadalajara', 'Querétaro', 'Ciudad de México']",210400.0,13
Jac SEI7 PRO,"['1.5 TGDI LIMITED DCT', '1.5 TGDI QUANTUM DCT']",['Automático'],"['Ciudad de México', 'Monterrey', 'Guadalajara', 'Querétaro']",288000.0,10
Jaecoo Jaecoo 7,"['1.6T ELEMENTAL', '1.6T INSPIRE', '1.6T REFINE']",['Automático'],"['Monterrey', 'Ciudad de México', 'Guadalajara']",368272.0,4
Jaguar E-Pace,['2.0 P250 S AUTO 4WD'],['Automático'],['Ciudad de México'],337600.0,1
Jaguar XE,"['2.0 PRESTIGE 300 AUTO 4WD', '2.0 SPORT 300 AUTO 4WD']",['Automático'],"['Querétaro', 'Guadalajara']",454400.0,2
Jeep Cherokee,"['3.2 LIMITED AUTO', '3.2 OVERLAND AUTO', '3.2 TRAILHAWK AUTO 4WD']",['Automático'],"['Monterrey', 'Ciudad de México', 'Guadalajara']",263200.0,7
Jeep Compass,"['1.3 ALTITUDE AUTO', '1.3 LIMITED PREMIUM AUTO', '2.0 HIGH ALTITUDE 4WD AUTO', '2.4 HIGH ALTITUDE AUTO', '2.4 LATITUDE AUTO', '2.4 LIMITED AUTO', '2.4 LIMITED PREMIUM AUTO', '2.4 TRAILHAWK AUTO 4WD']",['Automático'],"['Ciudad de México', 'Guadalajara', 'Puebla', 'Querétaro', 'Cuernavaca']",436640.0,75
Jeep Grand Cherokee,"['3.6 LAREDO AUTO', '3.6 LIMITED LUJO V6 AUTO', '3.6 LIMITED X V6 AUTO', '5.7 LIMITED LUJO ADVANCE V8 AUTO 4WD', '5.7 LIMITED LUJO V8 AUTO 4WD', '5.7 TRAILHAWK AUTO 4WD', '6.4 SRT8 AUTO 4WD']",['Automático'],"['Ciudad de México', 'Cuernavaca', 'Guadalajara', 'Puebla', 'Querétaro']",401600.0,32
Jeep Renegade,"['1.3 LATITUDE AUTO', '1.3 LIMITED AUTO', '1.8 LATITUDE AUTO', '1.8 LIMITED AUTO', '1.8 LIMITED BRONZE EDITION AUTO', '1.8 LIMITED POLAR BRONZE EDITION AUTO', '1.8 SPORT AUTO']",['Automático'],"['Ciudad de México', 'Guadalajara', 'Puebla', 'Monterrey', 'Querétaro']",347200.0,77
Jeep Wrangler,"['2.0 MHEV SPORT S AUTO 4WD', '2.0 MHEV UNLIMITED SAHARA AUTO 4WD', '2.0 MHEV UNLIMITED SAHARA SKY FREEDOM AT', '3.6 MHEV UNLIMITED RUBICON AUTO 4WD', '3.6 MHEV UNLIMITED RUBICON SUNRIDER AUTO', '3.6 MHEV UNLIMITED SAHARA AUTO 4WD', '3.6 RUBICON AUTO 4WD', '3.6 RUBICON DELUXE PACK AUTO 4WD', '3.6 UNLIMITED RUBICON AUTO 4WD', '3.6 UNLIMITED SAHARA AUTO 4WD', '3.6 UNLIMITED SPORT S AUTO 4WD']",['Automático'],"['Ciudad de México', 'Guadalajara', 'Monterrey', 'Cuernavaca', 'Querétaro']",829760.0,21
Jetour Dashing,['1.6T DCT'],['Automático'],"['Ciudad de México', 'Guadalajara', 'Querétaro']",407200.0,7
Jetour X70,['1.5 AUTO'],['Automático'],"['Ciudad de México', 'Querétaro']",302240.0,7
Jetour X70 Plus,['1.6 DCT'],['Automático'],"['Ciudad de México', 'Guadalajara']",358560.0,5
Jmc Grand Avenue,"['2.3 LX', '2.3 LX AUTO']","['Manual', 'Automático']",['Ciudad de México'],333040.0,2
Jmc Vigus,['1.8 GL'],['Manual'],"['Puebla', 'Ciudad de México']",261200.0,2
Kia FORTE,"['1.6 GT AUTO', '1.6 GT DCT', '2.0 EX', '2.0 EX AUTO', '2.0 EX IVT', '2.0 EX PREMIUM AUTO', '2.0 GT LINE', '2.0 GT LINE AUTO', '2.0 GT LINE IVT', '2.0 L', '2.0 L AUTO', '2.0 L IVT', '2.0 LX', '2.0 LX AUTO', '2.0 LX IVT']","['Automático', 'Manual']","['Ciudad de México', 'Guadalajara', 'Monterrey', 'Querétaro', 'Cuernavaca']",309280.0,206
Kia K3,"['1.6 EX AUTO', '1.6 EX PACK AUTO', '1.6 LX', '1.6 LX AUTO', '2.0 GT LINE AUTO']","['Automático', 'Manual']","['Ciudad de México', 'Guadalajara', 'Querétaro', 'Puebla']",304160.0,16
Kia K4,['2.0 LX IVT'],['Automático'],['Ciudad de México'],288000.0,1
Kia Niro,"['1.6 EX DCT', '1.6 LX DCT', 'HEV 1.6 EX DCT']",['Automático'],"['Ciudad de México', 'Guadalajara', 'Monterrey', 'Puebla', 'Cuernavaca']",492000.0,55
Kia Optima,"['2.0 TURBO SXL AUTO', '2.4 EX AUTO']",['Automático'],"['Ciudad de México', 'Querétaro', 'Monterrey', 'Cuernavaca']",216000.0,6
Kia Rio,"['1.6 EX', '1.6 EX AUTO', '1.6 EX PACK AUTO', '1.6 L', '1.6 L AUTO', '1.6 LX', '1.6 LX AUTO', '1.6 S PACK', '1.6 S PACK AUTO']","['Automático', 'Manual']","['Ciudad de México', 'Guadalajara', 'Monterrey', 'Querétaro', 'Puebla']",252800.0,463
Kia Sedona,"['3.3 EX AUTO', '3.3 EX PACK AUTO', '3.3 LX AUTO']",['Automático'],"['Ciudad de México', 'Guadalajara', 'Monterrey', 'Puebla', 'Querétaro']",259200.0,47
Kia Seltos,"['1.4 GT LINE DCT', '1.4 SXL DCT', '1.5 EX PACK AUTO', '1.5 SX AUTO', '1.6 EX', '1.6 EX AUTO', '1.6 EX PACK AUTO', '1.6 LX', '1.6 SX AUTO']","['Automático', 'Manual']","['Ciudad de México', 'Puebla', 'Guadalajara', 'Monterrey', 'Querétaro']",382800.0,174
Kia Sorento,"['2.4 EX AUTO', '2.4 EX PACK 2.4 AUTO', '2.4 LX AUTO', '2.5 EX AUTO', '2.5 EX PACK AUTO', '2.5 LX AUTO', '2.5 SX AUTO', '2.5 SXL AUTO', '3.3 EX AUTO', '3.3 EX PACK AUTO', '3.3 SX 3.3 AUTO', '3.3 SXL AUTO 4WD']",['Automático'],"['Ciudad de México', 'Guadalajara', 'Querétaro', 'Monterrey', 'Puebla']",555680.0,82
Kia Soul,"['1.6 LX', '1.6 LX AUTO', '2.0 EX AUTO', '2.0 EX IVT AUTO', '2.0 EX PACK AUTO', '2.0 EX PACK IVT AUTO']","['Automático', 'Manual']","['Ciudad de México', 'Guadalajara', 'Monterrey', 'Querétaro', 'Puebla']",251120.0,111
Kia Sportage,"['2.0 EX AUTO', '2.0 EX PACK AUTO', '2.0 LX AUTO', '2.4 EX PACK AUTO', '2.4 SX AUTO', '2.4 SXL 4WD AUTO', '2.4 SXL AUTO', '2.5 EX PACK AUTO', '2.5 SXL AUTO']",['Automático'],"['Ciudad de México', 'Puebla', 'Monterrey', 'Guadalajara', 'Querétaro']",431152.0,110
Kia Stinger,"['2.0 GT-LINE AUTO', '2.5 GT LINE AUTO', '3.3 GT AUTO']",['Automático'],"['Ciudad de México', 'Cuernavaca']",336000.0,4
Kia Telluride,['3.8 SX AUTO 4WD'],['Automático'],['Ciudad de México'],645600.0,1
Land Rover Discovery Sport,"['2.0 HSE AUTO 4WD', '2.0 MHEV P200 R-DYNAMIC SE AUTO 4WD', '2.0 MHEV P250 R-DYNAMIC HSE AUTO AWD', '2.0 P290 HSE AUTO 4WD']",['Automático'],"['Ciudad de México', 'Monterrey', 'Guadalajara']",462800.0,4
Land Rover Range Rover Evoque,"['1.5 PHEV P300 R-DYNAMIC S AUTO AWD', '2.0 MHEV P200 SE AUTO 4WD']",['Automático'],"['Guadalajara', 'Querétaro', 'Ciudad de México']",818400.0,6
Land Rover Range Rover Sport,['3.0 MHEV P360 HSE AUTO 4WD'],['Automático'],['Ciudad de México'],519200.0,1
Land Rover Range Rover Velar,['2.0 P300 R-DYNAMIC S AUTO 4WD'],['Automático'],['Monterrey'],604000.0,1
Lexus ES,"['2.5 250 AWD AUTO', '2.5 HEV 300H CVT', '3.5 350 AUTO']",['Automático'],['Ciudad de México'],629920.0,5
Lexus IS,['2.0 300 PREMIUM AUTO'],['Automático'],['Ciudad de México'],440000.0,1
Lexus NX,"['2.5 250 AUTO AWD', '2.5 HEV 350H LUXURY AUTO AWD']",['Automático'],"['Ciudad de México', 'Monterrey']",684880.0,6
Lexus UX,['2.0 HEV 250H'],['Automático'],['Ciudad de México'],516000.0,2
Lincoln Aviator,"['3.0 PHEV GRAND TOURING AUTO AWD', '3.0 RESERVE AUTO 4WD', '3.0 RESERVE AUTO AWD']",['Automático'],"['Ciudad de México', 'Monterrey']",576000.0,5
Lincoln Corsair,"['2.0 AUTO', '2.0 RESERVE AUTO', '2.0 RESERVE MONOCROMATICA AUTO', '2.3 RESERVE AUTO 4WD', '2.5 PHEV GRAND TOURING CVT AWD']",['Automático'],"['Ciudad de México', 'Monterrey', 'Puebla']",593360.0,8
Lincoln MKC,"['2.0 SELECT AUTO', '2.3 RESERVE AUTO 4WD']",['Automático'],['Ciudad de México'],280000.0,7
Lincoln MKZ,"['2.0 SELECT AUTO', '2.0 SELECT HYBRID CVT']",['Automático'],"['Ciudad de México', 'Querétaro']",345600.0,5
Lincoln Nautilus,"['2.0 RESERVE AUTO', '2.0 SELECT AUTO', '2.7 RESERVE AUTO AWD']",['Automático'],"['Querétaro', 'Monterrey', 'Ciudad de México']",403200.0,5
Mazda CX-3,"['2.0 100 ANIVERSARIO 2WD AUTO', '2.0 I 2WD AT', '2.0 I GRAND TOURING 2WD AT', '2.0 I SPORT 2WD AT']",['Automático'],"['Ciudad de México', 'Monterrey', 'Puebla', 'Guadalajara', 'Querétaro']",233600.0,125
Mazda CX-30,"['2.0 MHEV I SPORT AUTO', '2.5 I GRAND TOURING AUTO', '2.5 I SPORT AUTO', '2.5 SIGNATURE AUTO', '2.5 TURBO S GRAND TOURING AUTO 4WD']",['Automático'],"['Ciudad de México', 'Guadalajara', 'Monterrey', 'Puebla', 'Querétaro']",387200.0,130
Mazda CX-5,"['2.0 I AUTO 2WD', '2.5 I GRAND TOURING AUTO', '2.5 I GRAND TOURING AUTO 2WD', '2.5 I SPORT AUTO', '2.5 I SPORT AUTO 2WD', '2.5 S GRAND TOURING AUTO', '2.5 S GRAND TOURING AUTO 2WD', '2.5 SIGNATURE AUTO', '2.5 SIGNATURE AUTO 2WD']",['Automático'],"['Ciudad de México', 'Puebla', 'Guadalajara', 'Cuernavaca', 'Querétaro']",435520.0,164
Mazda CX-50,['2.5 TURBO SIGNATURE AUTO 4WD'],['Automático'],['Querétaro'],574400.0,1
Mazda CX-9,"['2.5 I SPORT AT', '2.5 SIGNATURE 4WD AUTO', '2.5 TURBO I GRAND TOURING 4WD AT', '2.5 TURBO I GRAND TOURING AUTO']",['Automático'],"['Ciudad de México', 'Guadalajara', 'Puebla', 'Cuernavaca']",555840.0,28
Mazda MX-5,"['2.0 I GRAND TOURING AT', '2.0 I GRAND TOURING POLYMETAL AUTO', '2.0 I SPORT MT']","['Manual', 'Automático']","['Ciudad de México', 'Guadalajara', 'Monterrey', 'Puebla', 'Querétaro']",361200.0,58
Mazda Mazda 2,"['1.5 I GRAND TOURING AUTO', '1.5 I GRAND TOURING SEDAN AUTO', '1.5 I SEDAN', '1.5 I SEDAN AUTO', '1.5 I SPORT', '1.5 I SPORT AUTO', '1.5 I SPORT SEDAN', '1.5 I SPORT SEDAN AUTO', '1.5 I TOURING', '1.5 I TOURING AUTO', '1.5 I TOURING SEDAN', '1.5 I TOURING SEDAN AUTO', '1.5 MHEV CARBON EDITION AUTO', '1.5 MHEV I GRAND TOURING AUTO']","['Automático', 'Manual']","['Ciudad de México', 'Guadalajara', 'Querétaro', 'Monterrey', 'Puebla']",250800.0,125
Mazda Mazda 3,"['2.0 MHEV I SPORT AUTO', '2.5 CARBON EDITION 4WD AUTO', '2.5 HATCHBACK S TA', '2.5 I', '2.5 I AUTO', '2.5 I GRAND TOURING AUTO', '2.5 I GRAND TOURING HATCHBACK AUTO', '2.5 I GRAND TOURING SEDAN AUTO', '2.5 I SEDAN', '2.5 I SEDAN AUTO', '2.5 I SPORT', '2.5 I SPORT AUTO', '2.5 I SPORT HATCHBACK AUTO', '2.5 I SPORT SEDAN', '2.5 I SPORT SEDAN AUTO', '2.5 SIGNATURE 4WD AUTO', '2.5 TURBO SIGNATURE 4WD AUTO', '2.5 TURBO SIGNATURE POLYMETAL 4WD AUTO']","['Automático', 'Manual']","['Ciudad de México', 'Guadalajara', 'Querétaro', 'Puebla', 'Monterrey']",342080.0,444
Mazda Mazda 6,"['2.5 CARBON EDITION AUTO', '2.5 I GRAND TOURING AUTO', '2.5 I GRAND TOURING PLUS AUTO', '2.5 I SPORT AUTO', '2.5 SIGNATURE AUTO']",['Automático'],"['Ciudad de México', 'Guadalajara', 'Monterrey', 'Puebla', 'Querétaro']",237600.0,26
Mercedes Benz Clase A,"['1.3 A 200 PROGRESSIVE DCT', '1.3 A 200 SPORT DCT', '1.3 A 200 STYLE DCT', '2.0 MERCEDES-AMG A 35 DCT 4MATIC']",['Automático'],"['Ciudad de México', 'Guadalajara', 'Monterrey', 'Querétaro', 'Puebla']",717600.0,33
Mercedes Benz Clase C,"['1.5 C 200 AUTO', '1.5 MHEV C 200 AUTO', '1.5 MHEV C 200 EXCLUSIVE AUTO', '1.5 MHEV C 200 SPORT AUTO', '1.6 C 180 AUTO', '2.0 C 200 AUTO', '2.0 C 200 EXCLUSIVE AUTO', '2.0 C 200 SPORT AUTO', '2.0 C 300 AUTO', '2.0 C 300 SPORT AUTO', '3.0 MERCEDES-AMG C 43 AUTO 4MATIC']",['Automático'],"['Ciudad de México', 'Querétaro', 'Guadalajara', 'Cuernavaca', 'Monterrey']",689120.0,49
Mercedes Benz Clase CLA,"['1.3 CLA 200 PROGRESSIVE DCT', '1.3 CLA 200 SPORT DCT', '1.3 MHEV CLA 200 LINE DCT', '1.6 CLA 200 DCT', '1.6 CLA 200 SPORT DCT', '2.0 CLA 250 SPORT DCT', '2.0 CLA 250 SPORT EDITION 1 DCT', '2.0 MERCEDES-AMG 35 DCT 4MATIC', '2.0 MERCEDES-AMG CLA 45 DCT 4WD']",['Automático'],"['Ciudad de México', 'Guadalajara', 'Querétaro', 'Monterrey', 'Puebla']",710800.0,87
Mercedes Benz Clase CLS,['3.0 CLS 450 4MATIC AUTO 4WD'],['Automático'],['Ciudad de México'],621600.0,1
Mercedes Benz Clase E,"['2.0 E 200 AVANTGARDE AUTO', '2.0 E 200 EXCLUSIVE AUTO', '2.0 E 250 AVANTGARDE AUTO', '3.0 E 450 EXCLUSIVE AUTO 4WD', '3.0 MERCEDES-AMG E 43 AUTO 4WD']",['Automático'],"['Ciudad de México', 'Monterrey']",462800.0,8
Mercedes Benz Clase EQA,['BEV 300 4MATIC AUTO'],['Automático'],"['Ciudad de México', 'Guadalajara']",605600.0,3
Mercedes Benz Clase EQB,['BEV 67KWH EQB 300 AUTO 4MATIC'],['Automático'],"['Guadalajara', 'Ciudad de México']",614800.0,2
Mercedes Benz Clase EQC,['BEV 80KWH 400 SPORT AUTO 4MATIC'],['Automático'],['Guadalajara'],854000.0,2
Mercedes Benz Clase GLA,"['1.3 200 PROGRESSIVE DCT', '1.3 200 PROGRESSIVE LINE DCT', '1.6 GLA 200 DCT', '1.6 GLA 200 SPORT DCT', '2.0 GLA 250 SPORT DCT']",['Automático'],"['Ciudad de México', 'Guadalajara', 'Querétaro', 'Monterrey', 'Puebla']",580800.0,50
Mercedes Benz Clase GLB,"['1.3 200 PROGRESSIVE LINE DCT', '2.0 250 PROGRESSIVE DCT 4MATIC', '2.0 GLB 250 PROGRESSIVE 4MATIC DCT 4WD']",['Automático'],"['Ciudad de México', 'Guadalajara', 'Cuernavaca', 'Querétaro']",624000.0,21
Mercedes Benz Clase GLC,"['2.0 GLC 300 4MATIC AUTO 4WD', '2.0 GLC 300 COMFORT AUTO 4MATIC', '2.0 GLC 300 COUPE 4MATIC AUTO 4WD', '2.0 GLC 300 COUPE AVANTGARDE AUTO 4WD', '2.0 GLC 300 COUPE SPORT AUTO 4WD', '2.0 GLC 300 OFF-ROAD AUTO 4WD', '2.0 GLC 300 SPORT AUTO 4WD', '2.0 MHEV GLC 300 AUTO 4MATIC', '3.0 MERCEDES-AMG GLC 43 AUTO 4WD']",['Automático'],"['Ciudad de México', 'Guadalajara', 'Puebla', 'Cuernavaca', 'Monterrey']",860720.0,54
Mercedes Benz Clase GLC Coupe,"['2.0 GLC 300 COUPE 4MATIC AUTO 4WD', '2.0 GLC 300 COUPE AVANTGARDE AUTO 4WD', '2.0 GLC 300 COUPE SPORT AUTO 4WD', '2.0 GLC 350 E COUPE AUTO 4WD']",['Automático'],"['Ciudad de México', 'Guadalajara', 'Monterrey']",507280.0,6
Mercedes Benz Clase GLE,['3.0 GLE 400 SPORT AUTO 4WD'],['Automático'],"['Ciudad de México', 'Monterrey']",464800.0,4
Mercedes Benz Clase GLE Coupe,['3.0 MERCEDES-AMG GLE 43 COUPE AUTO 4WD'],['Automático'],['Querétaro'],716000.0,1
Mercedes Benz Clase GLS,['4.7 GLS 500 AUTO 4WD'],['Automático'],['Ciudad de México'],587200.0,2
Mercedes Benz EQE,['BEV 96KWH EQE 350+ AUTO'],['Automático'],"['Ciudad de México', 'Guadalajara']",662400.0,3
Mg EHS,['1.5 PHEV TROPHY AUTO'],['Automático'],['Ciudad de México'],393600.0,1
Mg GT,"['1.5 ALPHA DCT', '1.5 EXCITE DCT', '1.5 STYLE DCT']",['Automático'],"['Ciudad de México', 'Puebla', 'Guadalajara', 'Querétaro', 'Monterrey']",255200.0,70
Mg Hs,"['1.5 EXCITE DCT', '1.5 TROPHY PACK DCT', '2.0 TROPHY DCT AWD']",['Automático'],"['Ciudad de México', 'Querétaro', 'Puebla', 'Guadalajara', 'Monterrey']",304800.0,82
Mg MG3,"['1.5 COOL', '1.5 EXCITE CVT', '1.5 HEV ELEGANCE AUTO', '1.5 HEV EXCITE AUTO', '1.5 STYLE', '1.5 STYLE CVT']","['Automático', 'Manual']","['Ciudad de México', 'Querétaro', 'Monterrey', 'Guadalajara', 'Puebla']",304400.0,19
Mg MG5,"['1.5 ELEGANCE', '1.5 ELEGANCE CVT', '1.5 EXCITE', '1.5 EXCITE CVT', '1.5 STYLE']","['Automático', 'Manual']","['Ciudad de México', 'Guadalajara', 'Monterrey', 'Puebla', 'Querétaro']",202688.0,254
Mg Mg 7,['2.0 TROPHY AUTO'],['Automático'],['Ciudad de México'],452160.0,2
Mg One,"['1.5 EXCITE CVT', '1.5 STYLE CVT']",['Automático'],"['Ciudad de México', 'Guadalajara', 'Puebla']",312400.0,6
Mg RX5,"['1.5 ELEGANCE DCT', '1.5 EXCITE DCT']",['Automático'],"['Ciudad de México', 'Querétaro', 'Puebla', 'Guadalajara', 'Monterrey']",346240.0,16
Mg RX8,['2.0 ELEGANCE AUTO 4WD'],['Automático'],"['Ciudad de México', 'Monterrey', 'Querétaro', 'Guadalajara', 'Puebla']",373600.0,21
Mg Zs,"['1.5 ELEGANCE CVT', '1.5 ELEGANCE RED PACK CVT', '1.5 EXCITE', '1.5 EXCITE AUTO', '1.5 EXCITE CVT', '1.5 STYLE', '1.5 STYLE AUTO']","['Automático', 'Manual']","['Ciudad de México', 'Monterrey', 'Guadalajara', 'Querétaro', 'Puebla']",267200.0,144
Mini Clubman,"['1.5 COOPER CLUBMAN CHILI AUTO', '2.0 COOPER S CLUBMAN HOT CHILI AUTO', '2.0 COOPER S CLUBMAN HOT CHILI DCT', '2.0 JOHN COOPER WORKS HOT CHILI AUTO 4WD']",['Automático'],['Ciudad de México'],284400.0,6
Mini Cooper,"['1.5 COOPER CHILI', '1.5 COOPER CHILI CONNECTED EDITION DCT', '1.5 COOPER CHILI DCT', '1.5 COOPER CLASSIC', '1.5 COOPER CLASSIC DCT', '1.5 COOPER CONVERTIBLE ICONIC DCT', '1.5 COOPER CONVERTIBLE PEPPER DCT', '1.5 COOPER ESSENTIAL', '1.5 COOPER PEPPER', '1.5 COOPER PEPPER DCT', '1.5 COOPER RESOLUTE DCT', '1.5 COOPER SALT', '1.5 COOPER SALT AUTO', '1.5 COOPER SALT DCT', 'BEV 33KWH COOPER SE CLASSIC AUTO', 'BEV 33KWH COOPER SE ICONIC AUTO']","['Automático', 'Manual']","['Ciudad de México', 'Monterrey', 'Guadalajara', 'Puebla', 'Querétaro']",484080.0,111
Mini Cooper Clubman,"['1.5 COOPER CLUBMAN CLASSIC DCT', '2.0 COOPER S CLUBMAN ICONIC DCT']",['Automático'],"['Monterrey', 'Puebla']",316000.0,2
Mini Cooper S,"['2.0 COOPER S CHILI', '2.0 COOPER S CHILI DCT', '2.0 COOPER S CLASSIC', '2.0 COOPER S CLASSIC DCT', '2.0 COOPER S CONVERTIBLE HOT CHILI DCT', '2.0 COOPER S CONVERTIBLE ICONIC DCT', '2.0 COOPER S ESSENTIAL DCT', '2.0 COOPER S HOT CHILI DCT', '2.0 COOPER S RESOLUTE DCT', '2.0 COOPER S SALT', '2.0 COOPER S SALT DCT']","['Automático', 'Manual']","['Ciudad de México', 'Guadalajara', 'Querétaro', 'Puebla', 'Cuernavaca']",463520.0,67
Mini Countryman,"['1.5 COOPER CHILI AUTO', '1.5 COOPER CLASSIC AUTO', '1.5 COOPER PHEV ALL4 AUTO 4WD', '1.5 COOPER SE PHEV ALL4 AUTO 4WD', '1.5 COOPER UNTAMED AUTO', '2.0 COOPER S CHILI AUTO', '2.0 COOPER S HOT CHILI DCT', '2.0 COOPER S ICONIC DCT', '2.0 COOPER S SPORT AUTO', '2.0 JOHN COOPER WORKS 4WD AUTO']",['Automático'],"['Ciudad de México', 'Guadalajara', 'Monterrey', 'Querétaro', 'Cuernavaca']",487520.0,45
Mini John Cooper Works,"['2.0 CLUBMAN ICONIC 4WD AUTO', '2.0 CLUBMAN ICONIC AUTO', '2.0 COOPER ICONIC AUTO', '2.0 COUNTRYMAN ICONIC 4WD AUTO', '2.0 JOHN COOPER WORKS ALL4 AUTO', '2.0 JOHN COOPER WORKS HOT CHILI AUTO', '2.0 JOHN COOPER WORKS ICONIC']","['Automático', 'Manual']","['Ciudad de México', 'Guadalajara', 'Monterrey', 'Querétaro']",651200.0,29
Mitsubishi Eclipse Cross,"['1.5 GLS CVT', '1.5 LIMITED S-AWC CVT 4WD']",['Automático'],['Ciudad de México'],273600.0,2
Mitsubishi L200,"['2.4 GLS DIESEL AUTO 4WD', '2.4 GLS GASOLINA', '2.4 GLX DIESEL 4WD', '2.4 GLX GASOLINA', '2.4 LIMITED DIESEL AUTO 4WD', '2.5 GLS DIESEL 4WD']","['Manual', 'Automático']","['Ciudad de México', 'Monterrey', 'Querétaro', 'Guadalajara', 'Puebla']",543200.0,21
Mitsubishi Mirage,"['1.2 GLS', '1.2 GLS CVT', '1.2 GLX', '1.2 GLX CVT']","['Automático', 'Manual']","['Ciudad de México', 'Guadalajara', 'Querétaro', 'Monterrey']",193600.0,40
Mitsubishi Montero,"['3.0 ES AUTO', '3.0 SE AUTO 4WD', '3.0 SE PLUS AUTO 4WD']",['Automático'],"['Ciudad de México', 'Querétaro', 'Monterrey', 'Guadalajara']",434400.0,7
Mitsubishi Outlander,"['2.0 PHEV LIMITED AUTO 4WD', '2.4 LIMITED CVT', '2.4 PHEV LIMITED AUTO 4WD', '2.4 SE CVT', '2.4 SE PLUS CVT']",['Automático'],"['Ciudad de México', 'Querétaro']",318400.0,13
Mitsubishi Xpander,"['1.5 CROSS AUTO', '1.5 GLS AUTO', '1.5 LIMITED AUTO']",['Automático'],"['Ciudad de México', 'Puebla', 'Querétaro', 'Guadalajara']",300480.0,19
Nissan Altima,"['2.0 EXCLUSIVE TURBO AUTO', '2.0 EXCLUSIVE TURBO CVT', '2.0 SR TURBO CVT', '2.5 ADVANCE AUTO', '2.5 ADVANCE CVT', '2.5 SENSE CVT', '2.5 SR AUTO']",['Automático'],"['Ciudad de México', 'Monterrey', 'Guadalajara', 'Querétaro', 'Cuernavaca']",438112.0,18
Nissan Armada,['5.6 EXCLUSIVE AUTO 4WD'],['Automático'],['Ciudad de México'],449600.0,1
Nissan Frontier,"['2.5 LE', '2.5 LE AUTO', '2.5 PLATINUM LE AUTO', '2.5 PRO-4X AUTO 4WD', '2.5 SE', '4.0 PRO 4X CREW CAB AUTO 4WD']","['Automático', 'Manual']","['Ciudad de México', 'Guadalajara', 'Querétaro', 'Puebla', 'Monterrey']",499920.0,47
Nissan Kicks,"['1.2 HEV ADVANCE E-POWER', '1.2 HEV EXCLUSIVE E-POWER', '1.2 HEV PLATINUM E-POWER', '1.6 ADVANCE LTS', '1.6 ADVANCE LTS CVT', '1.6 ADVANCE LTS PAQ SEG CVT', '1.6 ADVANCE LTS XTRONIC', '1.6 EXCLUSIVE BI-TONO LTS XTRONIC', '1.6 EXCLUSIVE LTS CVT', '1.6 EXCLUSIVE LTS XTRONIC', '1.6 PLATINUM BI-TONO LTS XTRONIC', '1.6 PLATINUM LTS XTRONIC', '1.6 SENSE LTS']","['Automático', 'Manual']","['Ciudad de México', 'Guadalajara', 'Puebla', 'Cuernavaca', 'Querétaro']",349600.0,107
Nissan Kicks Play,"['1.2 HEV ADVANCE E-POWER', '1.2 HEV E-POWER PLATINUM AUTO', '1.2 HEV PLATINUM E-POWER', '1.6 ADVANCE', '1.6 ADVANCE LTS', '1.6 ADVANCE LTS XTRONIC']","['Automático', 'Manual']","['Ciudad de México', 'Guadalajara']",384720.0,10
Nissan Leaf,['BEV 40KWH SL BI-TONE'],['Automático'],['Monterrey'],333200.0,2
Nissan March,"['1.6 ACTIVE', '1.6 ACTIVE ABS', '1.6 ADVANCE', '1.6 ADVANCE AUTO', '1.6 EXCLUSIVE', '1.6 EXCLUSIVE AUTO', '1.6 EXCLUSIVE BI-TONO AUTO', '1.6 MARCH SR NAVI', '1.6 SENSE', '1.6 SENSE AUTO']","['Automático', 'Manual']","['Ciudad de México', 'Guadalajara', 'Querétaro', 'Monterrey', 'Puebla']",219760.0,181
Nissan Maxima,"['3.5 ADVANCE CVT', '3.5 EXCLUSIVE X-TRONIC']",['Automático'],['Ciudad de México'],266400.0,4
Nissan Murano,"['3.5 ADVANCE AUTO', '3.5 EXCLUSIVE AUTO 4WD']",['Automático'],"['Ciudad de México', 'Querétaro']",256000.0,7
Nissan NP300,"['2.5 ATTACK DIESEL AUTO 4WD', '2.5 CHASIS CABINA DH AC PAQ. SEG', '2.5 DOBLE CABINA DIESEL AC PAQ 4WD', '2.5 DOBLE CABINA DIESEL AC PAQ S MT 4WD', '2.5 DOBLE CABINA S AC PAQ. SEG.', '2.5 DOBLE CABINA S TM AC PAQ. SEG.', '2.5 DOBLE CABINA SE AC PAQ SEG', '2.5 DOBLE CABINA SE TM AC PAQ SEG', '2.5 LE AC', '2.5 LE MIDNIGHT EDITION AC', '2.5 LE TM AC', '2.5 NP300 CHASIS CABINA', '2.5 NP300 CHASIS CABINA AC', '2.5 NP300 PICK UP', '2.5 PICK UP DH AC PAQ. SEG.', '2.5 PICK UP TM DH AC PAQ. SEG. 6VEL', '2.5 PLATINUM LE AC', '2.5 PLATINUM LE TM AC']","['Manual', 'Automático']","['Ciudad de México', 'Guadalajara', 'Puebla', 'Querétaro', 'Monterrey']",344480.0,68
Nissan NV350 Urvan,"['2.5 12 PASAJEROS A/A PAQ SEG', '2.5 12 PASAJEROS A/A PAQ SEG/TPMS', '2.5 15 PASAJEROS AMPLIA A/A PAQ SEG', '2.5 PANEL AMPLIA A/A PAQ SEG', '2.5 PANEL AMPLIA AA', '2.5 PANEL VENTANAS AMPLIA']",['Manual'],"['Ciudad de México', 'Guadalajara', 'Puebla']",445600.0,11
Nissan Note,['1.6 SR AUTO'],['Automático'],['Ciudad de México'],154400.0,1
Nissan Pathfinder,"['3.5 ADVANCE AUTO', '3.5 ADVANCE XTRONIC', '3.5 EXCLUSIVE AUTO', '3.5 EXCLUSIVE AUTO 4WD']",['Automático'],"['Ciudad de México', 'Puebla', 'Querétaro']",317600.0,6
Nissan Sentra,"['1.6 NISMO', '1.8 ADVANCE', '1.8 ADVANCE AUTO', '1.8 EXCLUSIVE AUTO', '1.8 SENSE', '1.8 SENSE AUTO', '2.0 ADVANCE', '2.0 ADVANCE AUTO', '2.0 ADVANCE CVT', '2.0 EXCLUSIVE AUTO', '2.0 EXCLUSIVE BITONO AUTO', '2.0 EXCLUSIVE BITONO CVT', '2.0 EXCLUSIVE CVT', '2.0 SENSE', '2.0 SENSE AUTO', '2.0 SENSE CVT', '2.0 SR', '2.0 SR BITONO AUTO', '2.0 SR BITONO CVT', '2.0 SR CVT', '2.0 SR PLATINUM BITONO CVT', '2.0 SR PLATINUM CVT']","['Automático', 'Manual']","['Ciudad de México', 'Guadalajara', 'Puebla', 'Cuernavaca', 'Monterrey']",297600.0,164
Nissan V-Drive,"['1.6 V-DRIVE', '1.6 V-DRIVE A/C', '1.6 V-DRIVE A/C AUDIO']",['Manual'],"['Ciudad de México', 'Monterrey', 'Puebla', 'Cuernavaca', 'Guadalajara']",208000.0,49
Nissan Versa,"['1.6 ADVANCE', '1.6 ADVANCE AUTO', '1.6 ADVANCE CVT', '1.6 DRIVE', '1.6 DRIVE A/C', '1.6 EXCLUSIVE AUTO', '1.6 EXCLUSIVE CVT', '1.6 PLATINUM CVT', '1.6 SENSE', '1.6 SENSE AUTO', '1.6 SENSE CVT', '1.6 SR CVT']","['Automático', 'Manual']","['Ciudad de México', 'Querétaro', 'Puebla', 'Guadalajara', 'Monterrey']",264000.0,317
Nissan X-Trail,"['1.5 HEV E-POWER EXCLUSIVE', '1.5 HEV E-POWER PLATINUM', '2.0 HYBRID CVT', '2.5 ADVANCE 2 ROW AUTO', '2.5 ADVANCE 2 ROW CVT', '2.5 ADVANCE 3 ROW AUTO', '2.5 ADVANCE 3 ROW CVT', '2.5 EXCLUSIVE 2 ROW AUTO', '2.5 EXCLUSIVE 2 ROW CVT', '2.5 EXCLUSIVE 3 ROW AUTO 4WD', '2.5 EXCLUSIVE 3 ROW CVT 4WD', '2.5 PLATINUM 2 ROW CVT', '2.5 PLATINUM 3 ROW CVT', '2.5 PLATINUM PLUS 2 ROW CVT', '2.5 SENSE 2 ROW AUTO', '2.5 SENSE 2 ROW CVT', '2.5 SENSE 3 ROW AUTO', '2.5 SENSE 3 ROW CVT', '2.5 XTREMER 2 ROW AUTO']",['Automático'],"['Ciudad de México', 'Querétaro', 'Guadalajara', 'Monterrey', 'Puebla']",547040.0,168
Omoda C5,"['1.5 PREMIUM CVT', '1.6 UNLIMITED PLUS DCT']",['Automático'],"['Ciudad de México', 'Querétaro', 'Monterrey', 'Guadalajara']",330576.0,5
Omoda O5,"['1.6 GT LIFE DCT', '1.6 GT UNLIMITED DCT']",['Automático'],"['Ciudad de México', 'Guadalajara']",330144.0,3
Peugeot 2008,"['1.2 ACTIVE AUTO', '1.2 ACTIVE AUTO FL', '1.2 ALLURE AUTO', '1.2 ALLURE PACK', '1.2 ALLURE PACK AUTO', '1.2 ALLURE PACK AUTO FL', '1.2 GT AUTO', '1.2 GT AUTO ADAS', '1.2 GT AUTO ADAS SC', '1.2 GT AUTO FL', '1.2 GT LINE AUTO', '1.2 GT LINE AUTO SC']","['Automático', 'Manual']","['Ciudad de México', 'Guadalajara', 'Puebla', 'Monterrey', 'Cuernavaca']",340800.0,48
Peugeot 208,"['1.2 ACTIVE PURETECH', '1.2 ALLURE PACK PURETECH AUTO', '1.2 ALLURE PURETECH', '1.2 PURETECH ALLURE AUTO', '1.2 PURETECH GT AUTO']","['Automático', 'Manual']","['Guadalajara', 'Ciudad de México', 'Monterrey', 'Querétaro', 'Puebla']",216800.0,16
Peugeot 3008,"['1.6 THP ACTIVE AUTO', '1.6 THP ALLURE PACK AUTO', '1.6 THP ALLURE PACK AUTO SC', '1.6 THP ALLURE PACK AUTO SCC', '1.6 THP GT AUTO', '1.6 THP GT AUTO SC', '1.6 THP GT AUTO SCC', '1.6 THP GT LINE AUTO', '2.0 HDI ALLURE PACK AUTO', '2.0 HDI GT AUTO SC', '2.0 HDI GT AUTO SCC', '2.0 HDI GT LINE AUTO']",['Automático'],"['Ciudad de México', 'Guadalajara', 'Puebla', 'Monterrey', 'Querétaro']",406640.0,39
Peugeot 301,"['1.6 ACTIVE', '1.6 ALLURE AT 6VEL', '1.6 ALLURE AUTO', '1.6 ALLURE HDI MT', '1.6 HDI ALLURE SPA', '1.6 HDI ALLURE SPA SS']","['Automático', 'Manual']","['Ciudad de México', 'Guadalajara', 'Querétaro', 'Monterrey']",139200.0,11
Peugeot 308,['1.6 GT AUTO'],['Automático'],['Ciudad de México'],246400.0,1
Peugeot 5008,"['1.6 ALLURE PACK AUTO', '1.6 GT LINE AUTO', '1.6 THP ALLURE PACK AUTO SCC', '2.0 HDI GT AUTO SC', '2.0 HDI GT LINE AUTO']",['Automático'],"['Guadalajara', 'Ciudad de México', 'Puebla']",280000.0,5
Peugeot Expert,"['2.0 HDI FURGON', '2.0 HDI FURGON 150 HP']",['Manual'],"['Ciudad de México', 'Querétaro', 'Guadalajara']",299600.0,4
Peugeot Landtrek,"['2.4 4ACTION AUTO 4WD', '2.4 ALLURE', '2.4 ALLURE AUTO']","['Automático', 'Manual']","['Monterrey', 'Querétaro', 'Guadalajara', 'Ciudad de México']",320800.0,9
Peugeot Manager,['2.2 HDI FURGON L2H2'],['Manual'],['Ciudad de México'],324000.0,1
Peugeot Partner,"['1.2 PURETECH MAXI', '1.2 PURETECH MAXI PACK', '1.6 HDI MAXI', '1.6 HDI MAXI 5 PTAS', '1.6 HDI MAXI AIRBAGS', '1.6 HDI MAXI DIESEL 5P MT', '1.6 HDI MAXI PACK']",['Manual'],"['Ciudad de México', 'Monterrey', 'Guadalajara', 'Querétaro']",291520.0,14
Peugeot Partner Tepee,"['1.6 HDI TURBO TEPEE 4P', '1.6 HDI TURBO TEPEE 7P']",['Manual'],"['Ciudad de México', 'Querétaro']",192000.0,3
Peugeot Rifter,"['1.2 PURETECH ALLURE PACK AUTO', '1.2 PURETECH GT AUTO', '1.6 HDI ACTIVE', '1.6 HDI ACTIVE SB', '1.6 HDI ALLURE', '1.6 HDI ALLURE SB']","['Automático', 'Manual']","['Ciudad de México', 'Querétaro', 'Guadalajara']",367680.0,19
Porsche Cayenne,"['2.9 S AUTO 4WD', '3.0 E-HYBRID AUTO 4WD']",['Automático'],"['Puebla', 'Guadalajara']",870400.0,3
Porsche Macan,"['2.9 V6 GTS DCT', '3.0 S DCT 4WD']",['Automático'],"['Ciudad de México', 'Puebla']",742400.0,2
Ram Promaster Rapid,"['1.4 AA', '1.4 MT AA', '1.4 TM']",['Manual'],"['Ciudad de México', 'Guadalajara']",218400.0,13
Ram Ram 1200,['2.4T BIGHORN CC'],['Automático'],['Ciudad de México'],407200.0,1
Ram Ram 1500,"['3.6 CREW CAB SLT TRABAJO 4X2 V6 8 AUTO', '3.6 MHEV BIGHORN AUTO 4WD', '3.6 MHEV TRADESMAN AUTO 4WD', '3.6 ST REG CAB 4X2 V6 8 AUTO', '5.7 CREW CAB SLT TRABAJO 4X2 V8 6AT', '5.7 CREW CAB SLT TRABAJO 4X4 V8 6AT', '5.7 CREW CAB SLT TRABAJO 4X4 V8 8 AUTO', '5.7 HEMI SPORT CREW CAB 4X4 V8 6AT', '5.7 HEMI SPORT CREW CAB 4X4 V8 8AT', '5.7 LONGHORN CREW CAB AUTO 4WD', '5.7 MHEV LARAMIE SPORT CC AUTO 4WD', '5.7 MHEV LIMITED CREW CAB AUTO 4WD', '5.7 MHEV LONGHORN CREW CAB AUTO 4WD']",['Automático'],"['Guadalajara', 'Ciudad de México', 'Monterrey', 'Cuernavaca', 'Querétaro']",738720.0,23
Ram Ram 2500,"['6.4 HD BIGHORN CREW CAB 4WD V8 AUTO', '6.4 LIMITED HD AUTO 4WD']",['Automático'],"['Cuernavaca', 'Querétaro']",648800.0,2
Ram Ram 4000,"['5.7 PL REG CAB 4X2 V8 5MT', '6.4 CREW CAB CHASIS 4WD V8 6 AUTO']","['Automático', 'Manual']","['Monterrey', 'Ciudad de México']",391440.0,2
Ram Ram 700,"['1.3 BIGHORN CREW CAB', '1.3 BIGHORN CREW CAB CVT', '1.3 LARAMIE CREW CAB', '1.3 LONGHORN CVT', '1.3 SLT CREW CAB', '1.3 SLT REGULAR CAB', '1.6 CLUB CAB ADVENTURE TOUCH SCREEN 6.7', '1.6 SLT DOBLE CAB', '1.6 SLT REGULAR CAB']","['Manual', 'Automático']","['Ciudad de México', 'Puebla', 'Guadalajara', 'Monterrey', 'Querétaro']",285280.0,29
Renault Captur,"['1.3 ICONIC CVT', '2.0 BOSE DEH SMR AUTO', '2.0 ICONIC AUTO', '2.0 ICONIC DEH AUTO', '2.0 ICONIC DEH SMR M AUTO', '2.0 INTENS DEH', '2.0 INTENS DEH AUTO', '2.0 INTENS DEH M', '2.0 INTENS DEH SMR M AUTO']","['Automático', 'Manual']","['Ciudad de México', 'Guadalajara', 'Monterrey', 'Cuernavaca']",229600.0,27
Renault Duster,"['1.3 ICONIC CVT', '1.6 ICONIC', '1.6 INTENS', '2.0 CONNECT DEH', '2.0 CONNECT DEH AUTO', '2.0 INTENS', '2.0 INTENS AUTO', '2.0 INTENS DEH', '2.0 INTENS DEH AUTO', '2.0 ZEN', '2.0 ZEN AUTO', '2.0 ZEN DEH', '2.0 ZEN DEH AUTO']","['Manual', 'Automático']","['Ciudad de México', 'Querétaro', 'Guadalajara', 'Cuernavaca', 'Puebla']",274080.0,90
Renault Kangoo,"['1.6 INTENS', '1.6 INTENS PLUS']",['Manual'],"['Ciudad de México', 'Monterrey', 'Guadalajara']",273824.0,7
Renault Koleos,"['2.5 BOSE CVT', '2.5 ICONIC CVT', '2.5 INTENS CVT', '2.5 MINUIT CVT']",['Automático'],"['Ciudad de México', 'Guadalajara', 'Cuernavaca', 'Monterrey', 'Querétaro']",328320.0,31
Renault Kwid,"['1.0 BITONO', '1.0 ICONIC', '1.0 INTENS', '1.0 OUTSIDER']",['Manual'],"['Ciudad de México', 'Guadalajara', 'Querétaro', 'Puebla', 'Monterrey']",173600.0,162
Renault Logan,"['1.6 INTENS AT', '1.6 INTENS CVT', '1.6 INTENS MT', '1.6 ZEN MT']","['Manual', 'Automático']","['Ciudad de México', 'Querétaro']",164480.0,6
Renault Oroch,"['1.3 OUTSIDER CVT', '1.6 LIFE', '1.6 OUTSIDER TM', '2.0 OUTSIDER', '2.0 OUTSIDER AUTO', '2.0 OUTSIDER SMR', '2.0 OUTSIDER SMR AUTO', '2.0 ZEN']","['Manual', 'Automático']","['Ciudad de México', 'Guadalajara', 'Monterrey', 'Puebla', 'Cuernavaca']",299880.0,52
Renault Sandero,['2.0 RS MT'],['Manual'],"['Ciudad de México', 'Guadalajara']",181600.0,2
Renault Stepway,"['1.6 INTENS CVT', '1.6 INTENS MT', '1.6 ZEN MT']","['Manual', 'Automático']","['Ciudad de México', 'Querétaro', 'Guadalajara', 'Cuernavaca', 'Monterrey']",221120.0,30
Seat Arona,"['1.6 BEATS AUTO', '1.6 MARINA AUTO', '1.6 REFERENCE AUTO', '1.6 STYLE AUTO', '1.6 XCELLENCE AUTO', '1.6 XPERIENCE AUTO']",['Automático'],"['Ciudad de México', 'Puebla', 'Monterrey', 'Guadalajara', 'Querétaro']",284160.0,84
Seat Ateca,"['1.4 FR AUTO', '1.4 FR DCT', '1.4 STYLE AUTO', '1.4 STYLE DCT', '1.4 XCELLENCE DCT', '1.4 XCELLENCE DCT 4WD', '1.4 XPERIENCE AUTO']",['Automático'],"['Guadalajara', 'Ciudad de México', 'Puebla', 'Querétaro']",371880.0,23
Seat Ibiza,"['1.0 FR', '1.6 FR', '1.6 FR 20 ANIVERSARIO', '1.6 REFERENCE', '1.6 STYLE', '1.6 STYLE AUTO', '1.6 STYLE MT', '1.6 STYLE URBAN PLUS', '1.6 STYLE URBAN PLUS AUTO', '1.6 XCELLENCE', '1.6 XCELLENCE AUTO']","['Manual', 'Automático']","['Ciudad de México', 'Puebla', 'Guadalajara', 'Monterrey', 'Querétaro']",274400.0,145
Seat Leon,"['1.4 FR', '1.4 FR AUTO', '1.4 FR DCT', '1.4 ST STYLE DCT', '1.4 STYLE 125HP', '1.4 STYLE 150HP', '1.4 STYLE 150HP DCT', '1.4 STYLE AUTO', '2.0 CUPRA DCT', '2.0 CUPRA EDICION LIMITADA DCT', '2.0 FR AUTO']","['Automático', 'Manual']","['Ciudad de México', 'Puebla', 'Guadalajara', 'Monterrey', 'Cuernavaca']",395200.0,50
Seat Tarraco,"['1.4 TSI FR DCT', '1.4 TSI STYLE DCT', '1.4 TSI XCELLENCE', '1.4 TSI XCELLENCE DCT']",['Automático'],"['Ciudad de México', 'Monterrey', 'Querétaro', 'Guadalajara']",491520.0,15
Seat Toledo,"['1.0 STYLE', '1.4 STYLE DCT', '1.6 REFERENCE', '1.6 REFERENCE AUTO']","['Manual', 'Automático']","['Ciudad de México', 'Querétaro', 'Guadalajara']",161600.0,11
Sev E-Wan Cross,['BEV 31KWH BOLD AUTO'],['Automático'],['Ciudad de México'],216800.0,1
Sev Friday,['BEV 49KWH LITE 410 AUTO'],['Automático'],['Puebla'],342400.0,1
Subaru BRZ,"['2.4 LIMITED', '2.4 LIMITED AUTO EYESIGHT', '2.4 LIMITED EYESIGHT']","['Manual', 'Automático']","['Querétaro', 'Ciudad de México']",516640.0,7
Subaru Forester,"['2.5 LIMITED CVT AWD EYESIGHT', '2.5 PREMIUM CVT 4WD', '2.5 PREMIUM CVT AWD', '2.5 SPORT CVT 4WD', '2.5 SPORT CVT AWD EYESIGHT', '2.5 TOURING CVT AWD EYESIGHT']",['Automático'],"['Ciudad de México', 'Monterrey']",306400.0,13
Subaru Outback,['2.4 TOURING CVT AWD EYESIGHT'],['Automático'],"['Cuernavaca', 'Ciudad de México', 'Querétaro']",405600.0,3
Subaru WRX,"['2.4 LIMITED AWD', '2.4 LIMITED CVT AWD EYESIGHT']","['Automático', 'Manual']","['Ciudad de México', 'Querétaro']",493760.0,2
Subaru XV,"['2.0 LIMITED CVT 4WD', '2.0 LIMITED CVT AWD EYESIGHT', '2.0 PREMIUM CVT AWD', '2.0 PREMIUM CVT AWD EYESIGHT']",['Automático'],"['Ciudad de México', 'Guadalajara', 'Puebla']",260000.0,7
Suzuki Baleno,"['1.4 GLE PLUS AUTO', '1.4 GLS', '1.4 GLX AUTO', '1.5 GLS AUTO', '1.5 GLX AUTO']","['Automático', 'Manual']","['Ciudad de México', 'Puebla', 'Cuernavaca', 'Querétaro']",254720.0,16
Suzuki Ciaz,"['1.4 GLX', '1.4 GLX AUTO']","['Manual', 'Automático']",['Ciudad de México'],191600.0,2
Suzuki Ertiga,"['1.5 GLS', '1.5 GLS AUTO', '1.5 GLX', '1.5 GLX AUTO', '1.5 MHEV BOOSTERGREEN GLS', '1.5 MHEV BOOSTERGREEN GLX AUTO']","['Automático', 'Manual']","['Ciudad de México', 'Puebla', 'Monterrey', 'Querétaro', 'Guadalajara']",257600.0,49
Suzuki Ertiga XL7,['1.5 GLX AUTO'],['Automático'],"['Ciudad de México', 'Cuernavaca']",280000.0,8
Suzuki Fronx,['1.5 MHEV BOOSTERGREEN GLX AUTO'],['Automático'],"['Ciudad de México', 'Puebla']",324160.0,4
Suzuki Grand Vitara,['1.5 MHEV BOOSTERGREEN GLX AUTO'],['Automático'],"['Puebla', 'Ciudad de México']",375600.0,2
Suzuki Ignis,"['1.2 GL', '1.2 GL CVT', '1.2 GLS PLUS CVT', '1.2 GLX', '1.2 GLX AUTO', '1.2 GLX CVT']","['Manual', 'Automático']","['Ciudad de México', 'Puebla', 'Querétaro', 'Guadalajara', 'Monterrey']",231760.0,48
Suzuki Jimny,"['1.5 GLX 4WD', '1.5 GLX 4WD VERDE OBSESION', '1.5 GLX AUTO 4WD', '1.5 GLX AUTO 4WD VERDE OBSESION']","['Automático', 'Manual']","['Ciudad de México', 'Querétaro', 'Monterrey', 'Guadalajara', 'Puebla']",362800.0,30
Suzuki S-Cross,"['1.4 BOOSTERJET AUTO', '1.4 BOOSTERJET GLX AUTO', '1.6 GLX AUTO']",['Automático'],"['Ciudad de México', 'Querétaro', 'Guadalajara', 'Cuernavaca']",298800.0,14
Suzuki Swift,"['1.0 BOOSTERJET', '1.0 BOOSTERJET AUTO', '1.2 GLS', '1.2 GLS AUTO', '1.2 GLS CVT', '1.2 GLX', '1.2 GLX AUTO', '1.2 GLX CVT', '1.2 MHEV BOOSTERGREEN', '1.2 MHEV BOOSTERGREEN GLX', '1.4 BOOSTERJET SPORT', '1.4 BOOSTERJET SPORT AUTO']","['Automático', 'Manual']","['Ciudad de México', 'Guadalajara', 'Puebla', 'Monterrey', 'Querétaro']",292000.0,168
Suzuki Vitara,"['1.4 AG BOOSTERJET 4WD AUTO', '1.4 BOOSTERJET AUTO', '1.4 GLX BOOSTERJET ALL GRIP 4WD AUTO', '1.4 GLX BOOSTERJET AUTO', '1.6 GLS', '1.6 GLS AUTO', '1.6 GLX AUTO']","['Automático', 'Manual']","['Ciudad de México', 'Cuernavaca', 'Monterrey', 'Puebla', 'Querétaro']",212800.0,21
Tesla Model 3,"['BEV 50KWH STANDARD RANGE PLUS AUTO', 'BEV 75KWH LONG RANGE AUTO 4WD', 'BEV 75KWH PERFORMANCE AUTO 4WD', 'BEV LONG RANGE AUTO 4WD', 'LONG RANGE', 'LONG RANGE 4WD', 'PERFORMANCE 4WD', 'STANDARD RANGE PLUS']",['Automático'],"['Ciudad de México', 'Guadalajara', 'Monterrey', 'Puebla']",644960.0,35
Tesla Model Y,"['BEV 75KWH LONG RANGE AUTO 4WD', 'BEV 75KWH PERFORMANCE AUTO 4WD', 'BEV LONG RANGE AUTO 4WD', 'BEV RWD AUTO']",['Automático'],"['Ciudad de México', 'Querétaro', 'Monterrey']",728800.0,9
Toyota Avanza,"['1.5 LE', '1.5 LE AT', '1.5 LE AUTO', '1.5 LE MT', '1.5 XLE AT', '1.5 XLE AUTO', '1.5 XLE CVT']","['Automático', 'Manual']","['Ciudad de México', 'Guadalajara', 'Puebla', 'Cuernavaca', 'Querétaro']",281920.0,54
Toyota C-HR,['2.0 AUTO'],['Automático'],"['Ciudad de México', 'Guadalajara']",248800.0,5
Toyota Camry,"['2.5 HEV SE AUTO', '2.5 HEV XLE AUTO', '2.5 LE AUTO', '2.5 SE AUTO', '2.5 XLE AUTO', '2.5 XLE NAVI AUTO', '2.5 XLE NAVI HV AUTO']",['Automático'],"['Ciudad de México', 'Monterrey', 'Guadalajara', 'Puebla', 'Cuernavaca']",440000.0,44
Toyota Corolla,"['1.8 BASE', '1.8 BASE AUTO', '1.8 BASE MT', '1.8 HEV LE AUTO', '1.8 LE AUTO', '1.8 LE CVT', '1.8 LE HYBRID AUTO', '1.8 SE CVT', '1.8 XLE CVT', '2.0 BASE CVT', '2.0 LE CVT', '2.0 SE AUTO', '2.0 SE BITONO CVT', '2.0 SE CVT', '2.0 XLE CVT']","['Automático', 'Manual']","['Ciudad de México', 'Monterrey', 'Guadalajara', 'Querétaro', 'Cuernavaca']",333200.0,72
Toyota Corolla Cross,"['2.0 LE CVT', '2.0 LE HEV CVT 4WD', '2.0 XLE CVT']",['Automático'],"['Ciudad de México', 'Guadalajara', 'Monterrey']",391440.0,10
Toyota Hiace,"['2.7 PANEL SUPERLARGA', '3.5 12 PASAJEROS']",['Manual'],['Ciudad de México'],478800.0,2
Toyota Highlander,"['3.5 LE AUTO', '3.5 LIMITED BLUE-RAY AUTO', '3.5 LIMITED PANORAMA ROOF AUTO', '3.5 XLE AUTO']",['Automático'],"['Ciudad de México', 'Monterrey', 'Querétaro', 'Cuernavaca', 'Puebla']",441600.0,25
Toyota Hilux,"['2.7 BASE DOBLE CABINA', '2.7 CABINA SENCILLA (B-CAB)', '2.7 DOBLE CABINA BASE (D-CAB BASE)', '2.7 DOBLE CABINA SR (D-CAB MID)', '2.7 SR DOBLE CABINA', '2.8 DIESEL 4WD DOBLE CABINA', '2.8 DIESEL AUTO 4WD DOBLE CABINA', '2.8 DOBLE CABINA DSL AT PLATINUM ROJO']","['Manual', 'Automático']","['Ciudad de México', 'Guadalajara', 'Monterrey', 'Cuernavaca']",419200.0,28
Toyota Prius,"['1.8 HEV BASE AUTO', '1.8 HEV PREMIUM AUTO', '1.8 HYBRID BASE', '1.8 HYBRID BASE AUTO', '1.8 HYBRID PREMIUM AUTO', '1.8 HYBRID PREMIUM SR']",['Automático'],"['Ciudad de México', 'Monterrey', 'Cuernavaca', 'Guadalajara', 'Puebla']",273600.0,61
Toyota Prius C,"['1.5 HEV AUTO', '1.5 HYBRID AUTO']",['Automático'],"['Ciudad de México', 'Guadalajara', 'Querétaro', 'Puebla', 'Monterrey']",224000.0,60
Toyota RAIZE,"['1.0 XLE', '1.0 XLE BITONO CVT', '1.0 XLE CVT']","['Automático', 'Manual']","['Ciudad de México', 'Guadalajara', 'Cuernavaca', 'Monterrey']",272800.0,18
Toyota RAV4,"['2.5 ADVENTURE 4WD AUTO', '2.5 ADVENTURE AUTO AWD', '2.5 ADVENTURE AWD AUTO', '2.5 HEV LIMITED AUTO AWD', '2.5 LE AT', '2.5 LE AUTO', '2.5 LIMITED AUTO 4WD', '2.5 LIMITED AUTO AWD', '2.5 LIMITED AWD AT', '2.5 LIMITED HYBRID AUTO', '2.5 XLE AUTO', '2.5 XLE AUTO 4WD', '2.5 XLE AWD AT']",['Automático'],"['Ciudad de México', 'Puebla', 'Monterrey', 'Guadalajara', 'Querétaro']",586720.0,110
Toyota Sienna,"['2.5 HEV LIMITED AUTO', '2.5 HEV XLE AUTO', '2.5 HEV XLE PIEL AUTO', '3.5 LE AUTO', '3.5 LIMITED AUTO', '3.5 XLE AUTO', '3.5 XLE PIEL AUTO']",['Automático'],"['Ciudad de México', 'Querétaro', 'Monterrey', 'Puebla', 'Cuernavaca']",386800.0,44
Toyota Tacoma,"['3.5 SPECIAL EDITION AUTO 4WD', '3.5 SPORT AUTO', '3.5 TRD SPORT AUTO', '3.5 TRD SPORT AUTO 4WD']",['Automático'],"['Ciudad de México', 'Querétaro', 'Guadalajara', 'Cuernavaca']",598400.0,10
Toyota Tundra,['5.7 1794 AUTO 4WD'],['Automático'],['Monterrey'],679200.0,1
Toyota Yaris,"['1.5 BASE', '1.5 CORE', '1.5 CORE AUTO', '1.5 CORE CVT', '1.5 R XLE AUTO', '1.5 S', '1.5 S AUTO', '1.5 S CVT', '1.5 S HI CVT', '1.6 GR LAUNCH EDITION 4WD']","['Automático', 'Manual']","['Ciudad de México', 'Guadalajara', 'Puebla', 'Querétaro', 'Monterrey']",268320.0,45
Volkswagen Amarok,"['2.0 TRENDLINE', '3.0 HIGHLINE AUTO 4WD']","['Automático', 'Manual']","['Monterrey', 'Ciudad de México', 'Puebla']",361600.0,4
Volkswagen Caddy,"['1.6 CARGO MAXI', '1.6 MAXI PASAJEROS COMFORTLINE']",['Manual'],"['Ciudad de México', 'Puebla']",236000.0,6
Volkswagen Cross Sport,"['2.0 R-LINE AUTO 4WD', '3.6 FSI R-LINE AUTO 4WD']",['Automático'],"['Ciudad de México', 'Monterrey']",860400.0,7
Volkswagen Gol,"['1.6 5 PTAS. EDICION ANIVERSARIO', '1.6 5 PTAS. TRENDLINE']",['Manual'],"['Ciudad de México', 'Puebla', 'Guadalajara', 'Cuernavaca', 'Monterrey']",147200.0,52
Volkswagen Golf,"['1.4 COMFORTLINE', '1.4 COMFORTLINE DCT', '1.4 HIGHLINE DCT', '2.0 GTI DCT', '2.0 GTI OETTINGER DCT']","['Automático', 'Manual']","['Ciudad de México', 'Querétaro', 'Guadalajara', 'Cuernavaca', 'Puebla']",285200.0,22
Volkswagen Jetta,"['1.4 COMFORTLINE', '1.4 COMFORTLINE AUTO', '1.4 COMFORTLINE MT', '1.4 HIGHLINE AUTO', '1.4 R-LINE AUTO', '1.4 SPORTLINE AUTO', '1.4 TRENDLINE', '1.4 TRENDLINE AUTO', '1.4 WOLFSBURG EDITION AUTO', '1.6 STARTLINE AUTO', '2.0 GLI DSG', '2.0 GLI EDICION ANIVERSARIO']","['Automático', 'Manual']","['Ciudad de México', 'Guadalajara', 'Puebla', 'Monterrey', 'Querétaro']",433520.0,171
Volkswagen Nivus,"['1.0 TSI BLACK AUTO', '1.0 TSI HIGHLINE AUTO']",['Automático'],"['Ciudad de México', 'Guadalajara', 'Puebla', 'Monterrey', 'Querétaro']",316560.0,33
Volkswagen Passat,['3.6 V6 AUTO'],['Automático'],['Puebla'],184800.0,1
Volkswagen Polo,"['1.0 TSI COMFORTLINE AUTO', '1.6 COMFORTLINE PLUS', '1.6 COMFORTLINE PLUS AUTO', '1.6 DESIGN & SOUND', '1.6 DESIGN & SOUND AUTO', '1.6 EDICION ESPECIAL AUTO', '1.6 SOUND AUTO', '1.6 STARTLINE', '1.6 STARTLINE AUTO', '1.6 TRACK RADIO 6.5']","['Manual', 'Automático']","['Ciudad de México', 'Puebla', 'Guadalajara', 'Querétaro', 'Cuernavaca']",255360.0,112
Volkswagen Saveiro,['1.6 ROBUST CABINA SENCILLA'],['Manual'],"['Ciudad de México', 'Querétaro', 'Puebla', 'Guadalajara', 'Monterrey']",223200.0,32
Volkswagen T-Cross,"['1.0 TSI COMFORTLINE AUTO', '1.0 TSI HIGHLINE AUTO', '1.0 TSI TRENDLINE AUTO', '1.6 COMFORTLINE AUTO', '1.6 HIGHLINE AUTO', '1.6 TRENDLINE', '1.6 TRENDLINE AUTO', '1.6 TRENDLINE EDICION DE LANZAMIENTO AT']","['Automático', 'Manual']","['Ciudad de México', 'Puebla', 'Querétaro', 'Monterrey', 'Cuernavaca']",292640.0,109
Volkswagen Taigun,"['1.0 TSI COMFORTLINE AUTO', '1.0 TSI HIGHLINE AUTO']",['Automático'],"['Ciudad de México', 'Monterrey', 'Guadalajara']",322400.0,6
Volkswagen Taos,"['1.4 TSI COMFORTLINE AUTO', '1.4 TSI COMFORTLINE PLUS AUTO', '1.4 TSI HIGHLINE AUTO', '1.4 TSI TRENDLINE AUTO']",['Automático'],"['Ciudad de México', 'Puebla', 'Monterrey', 'Querétaro', 'Cuernavaca']",397600.0,68
Volkswagen Teramont,"['2.0 HIGHLINE AUTO 4WD', '2.0 TRENDLINE AUTO', '3.6 COMFORTLINE AUTO', '3.6 COMFORTLINE PLUS AUTO', '3.6 HIGHLINE AUTO', '3.6 HIGHLINE AUTO 4WD']",['Automático'],"['Ciudad de México', 'Puebla', 'Guadalajara', 'Querétaro', 'Monterrey']",809920.0,26
Volkswagen Tiguan,"['1.4 COMFORTLINE 3 FILA DCT', '1.4 COMFORTLINE DCT', '1.4 COMFORTLINE PIEL DCT', '1.4 R-LINE DCT', '1.4 TRENDLINE PLUS DCT', '2.0 HIGHLINE DCT 4WD', '2.0 R-LINE 10 ANIVERSARIO DCT 4WD', '2.0 R-LINE DCT 4WD']",['Automático'],"['Ciudad de México', 'Puebla', 'Guadalajara', 'Monterrey', 'Cuernavaca']",481120.0,166
Volkswagen Vento,"['1.6 COMFORTLINE', '1.6 COMFORTLINE AUTO', '1.6 COMFORTLINE MT', '1.6 COMFORTLINE PLUS', '1.6 COMFORTLINE PLUS AUTO', '1.6 EDICION ESPECIAL JOIN', '1.6 EDICION ESPECIAL JOIN AUTO', '1.6 HIGHLINE', '1.6 HIGHLINE AUTO', '1.6 STARTLINE', '1.6 STARTLINE AUTO']","['Manual', 'Automático']","['Ciudad de México', 'Guadalajara', 'Puebla', 'Monterrey', 'Querétaro']",164800.0,223
Volkswagen Virtus,"['1.0 HIGHLINE AUTO', '1.6', '1.6 AUTO', '1.6 COMFORTLINE AUTO', '1.6 TRENDLINE', '1.6 TRENDLINE AUTO']","['Automático', 'Manual']","['Ciudad de México', 'Guadalajara', 'Puebla', 'Monterrey', 'Querétaro']",288352.0,85
Volvo C40,['BEV 69KWH RECHARGE PLUS AUTO'],['Automático'],['Monterrey'],602400.0,1
Volvo S60,"['2.0 B4 MHEV MOMENTUM AUTO', '2.0 B4 MHEV PLUS AUTO', '2.0 T5 IGNITE AUTO 4WD', '2.0 T5 MOMENTUM AUTO']",['Automático'],"['Ciudad de México', 'Puebla', 'Querétaro', 'Guadalajara', 'Monterrey']",469600.0,13
Volvo XC40,"['1.5 PHEV T5 R-DESIGN EXPRESSION DCT AWD', '1.5 T5 PHEV R-DESIGN RECHARGE DCT', '2.0 B4 MHEV PLUS AUTO', '2.0 MOMENTUM T4 AUTO', '2.0 MOMENTUM T5 AUTO 4WD', '2.0 T4 INSCRIPTION AUTO', '2.0 T4 MOMENTUM AUTO', '2.0 T5 R-DESIGN AUTO 4WD', '2.0 T5 R-DESIGN AUTO AWD', 'BEV 69KWH RECHARGE PLUS AUTO', 'BEV 78KWH RECHARGE PURE ELECTRIC AT AWD', 'BEV 78KWH RECHARGE TWIN ULTIMATE AT AWD']",['Automático'],"['Ciudad de México', 'Guadalajara', 'Querétaro', 'Monterrey', 'Cuernavaca']",696560.0,71
Volvo XC60,"['2.0 B5 MHEV MOMENTUM AUTO AWD', '2.0 B5 MHEV PLUS AUTO AWD', '2.0 B6 MHEV ULTIMATE AUTO AWD', '2.0 INSCRIPTION T6 AUTO AWD', '2.0 MOMENTUM T5 AUTO AWD', '2.0 R-DESIGN T6 AUTO AWD', '2.0 T5 MOMENTUM AUTO 4WD', '2.0 T5 MOMENTUM AUTO AWD', '2.0 T6 INSCRIPTION AUTO 4WD', '2.0 T6 INSCRIPTION AUTO AWD', '2.0 T6 R-DESIGN AUTO 4WD']",['Automático'],"['Ciudad de México', 'Monterrey', 'Guadalajara', 'Puebla', 'Cuernavaca']",694640.0,21
Volvo XC90,"['2.0 B6 MHEV MOMENTUM AUTO AWD', '2.0 INSCRIPTION T6 AUTO AWD', '2.0 MOMENTUM T6 AUTO AWD 5P', '2.0 R-DESIGN T6 AUTO AWD', '2.0 T6 INSCRIPTION AUTO 4WD', '2.0 T6 MOMENTUM AUTO 4WD', '2.0 T6 MOMENTUM AUTO 4WD 5P', '2.0 T6 MOMENTUM AUTO AWD']",['Automático'],"['Ciudad de México', 'Guadalajara', 'Monterrey']",443200.0,13
Volvo ex30,['BEV 69KWH ULTRA AUTO'],['Automático'],['Ciudad de México'],630400.0,1
